"","...1","...2","...3",":id",":version",":created_at",":updated_at","record_id","site","state_territory","source","county_fips","counties_served","population_served","sample_id","sample_collect_date","sample_type","sample_matrix","sample_location","flow_rate","concentration_method","pasteurized","pcr_type","extraction_method","major_lab_method","inhibition_detect","inhibition_adjust","ntc_amplify","pcr_target","pcr_gene_target_agg","pcr_target_avg_conc","pcr_target_units","lod_sewage","pcr_target_detect","pcr_target_avg_conc_lin","pcr_target_flowpop_lin","pcr_target_mic_lin","hum_frac_target_mic","hum_frac_mic_conc","hum_frac_mic_unit","rec_eff_percent","rec_eff_target_name","rec_eff_spike_matrix","rec_eff_spike_conc","date_updated","year"
"1",1,1,2,"row-kqs7-47db~7kee","rv-rv8n.xkys-yejy",2026-07-24 15:01:50.227,2026-07-24 15:01:50.227,"dad854312a7286fa07ad7a6eba67ea95",1976,"vt","CDC_Verily",50027,"Windsor",6000,"25778ee5a34f77aa31cfb918f7c1d389",2026-04-21,"grab","raw wastewater","wwtp",0.35,"ceres nanotrap","no","ddpcr","thermo magmax viral/pathogen nucleic acid isolation kit",2,"no","no","no","rsv","rsv-a and rsv-b combined",0,"copies/l wastewater",1500,"no",750,165611.25,0.00018,"pepper mild mottle virus",4177520.16492,"copies/l wastewater",31.1,"bcov vaccine","clarified sample",5,2026-07-24 11:01:00,2026
"2",2,2,3,"row-dpk4_jvcu~wwuy","rv-zb78_ay3z.bt2r",2026-07-24 15:01:50.227,2026-07-24 15:01:50.227,"d8de198be5ad3b1f2c29dbcde5f3834a",2350,"vt","CDC_Verily",50001,"Addison",9000,"055d370d42c8afa3d21d5d1878161b41",2026-05-28,"24-hr flow-weighted composite","raw wastewater","wwtp",1,"ceres nanotrap","no","ddpcr","thermo magmax viral/pathogen nucleic acid isolation kit",2,"no","no","no","rsv","rsv-a and rsv-b combined",0,"copies/l wastewater",1500,"no",750,315450,2e-05,"pepper mild mottle virus",48297447.80308,"copies/l wastewater",94.2,"bcov vaccine","clarified sample",5,2026-07-24 11:01:00,2026
"3",3,3,4,"row-ngdr-wtc5_y4uu","rv-gbhw-xqa7.v78g",2026-07-24 15:01:50.227,2026-07-24 15:01:50.227,"3f156e4deca39f9bffa13d95b4059462",2350,"vt","CDC_Verily",50001,"Addison",9000,"fb0a1f1f53a0785c2d4ad348c018462a",2026-04-07,"24-hr flow-weighted composite","raw wastewater","wwtp",1,"ceres nanotrap","no","ddpcr","thermo magmax viral/pathogen nucleic acid isolation kit",2,"no","no","no","rsv","rsv-a and rsv-b combined",2642.98096,"copies/l wastewater",1500,"yes",2642.98096,1111637.79155,7e-05,"pepper mild mottle virus",35972738.41231,"copies/l wastewater",114.7,"bcov vaccine","clarified sample",5,2026-07-24 11:01:00,2026
"4",4,4,5,"row-6i48.28ds.cfhr","rv-kmkn.gid9_meep",2026-07-24 15:01:50.227,2026-07-24 15:01:50.227,"fed80f221c6c2432b26f1fae7351e8fb",1976,"vt","CDC_Verily",50027,"Windsor",6000,"bd4fd7cf36754b541cb703cdd6c97408",2026-02-23,"grab","raw wastewater","wwtp",0.35,"ceres nanotrap","no","ddpcr","thermo magmax viral/pathogen nucleic acid isolation kit",2,"no","no","no","rsv","rsv-a and rsv-b combined",8367.07314,"copies/l wastewater",1500,"yes",8367.07314,1847575.25473,0.00024,"pepper mild mottle virus",34945796.08615,"copies/l wastewater",51.5,"bcov vaccine","clarified sample",5,2026-07-24 11:01:00,2026
"5",5,5,7,"row-b7pm-y23c~p98z","rv-kjhf-e8c4~qza8",2026-07-24 15:01:50.227,2026-07-24 15:01:50.227,"acc9f800d36ce03c3b75a314edbff81e",2350,"vt","CDC_Verily",50001,"Addison",9000,"b6ce90b7a14b931c1a4b82b6b3d66ddd",2026-02-10,"24-hr flow-weighted composite","raw wastewater","wwtp",1,"ceres nanotrap","no","ddpcr","thermo magmax viral/pathogen nucleic acid isolation kit",2,"no","no","no","rsv","rsv-a and rsv-b combined",13835.89571,"copies/l wastewater",1500,"yes",13835.89571,5819377.73519,0.00016,"pepper mild mottle virus",84267521.79692,"copies/l wastewater",91.3,"bcov vaccine","clarified sample",5,2026-07-24 11:01:00,2026
"6",6,6,18,"row-negi-p8hh.zgmy","rv-68wv~eed8~uryj",2026-07-24 15:01:50.227,2026-07-24 15:01:50.227,"644c0c94087352069651d34aaa54797a",1976,"vt","CDC_Verily",50027,"Windsor",6000,"aa9a904f3fbbbbc3f1ef9f45f36cd772",2026-06-29,"grab","raw wastewater","wwtp",0.35,"ceres nanotrap","no","ddpcr","thermo magmax viral/pathogen nucleic acid isolation kit",2,"no","no","no","rsv","rsv-a and rsv-b combined",0,"copies/l wastewater",1500,"no",750,165611.25,0.00103,"pepper mild mottle virus",731257.87889,"copies/l wastewater",10.2,"bcov vaccine","clarified sample",5,2026-07-24 11:01:00,2026
"7",7,7,19,"row-38r9_igew.36ss","rv-t5m5_h3bc_q5zc",2026-07-24 15:01:50.227,2026-07-24 15:01:50.227,"41962b52a57b4d6f0bb906176e6f5060",2350,"vt","CDC_Verily",50001,"Addison",9000,"a914055801854306a4be1a62c240ed5e",2026-01-22,"24-hr flow-weighted composite","raw wastewater","wwtp",1,"ceres nanotrap","no","ddpcr","thermo magmax viral/pathogen nucleic acid isolation kit",2,"no","no","no","rsv","rsv-a and rsv-b combined",3730.16932,"copies/l wastewater",1500,"yes",3730.16932,1568909.21624,6e-05,"pepper mild mottle virus",63434175.92615,"copies/l wastewater",117.2,"bcov vaccine","clarified sample",5,2026-07-24 11:01:00,2026
"8",8,8,21,"row-4emn-pw7i~jfzj","rv-99au.v2rr~emds",2026-07-24 15:01:50.227,2026-07-24 15:01:50.227,"e1de31910a367c9f14b77eabf533fd83",2350,"vt","CDC_Verily",50001,"Addison",9000,"cb205159239e3a0ece862cb9bbd55e34",2026-03-05,"24-hr flow-weighted composite","raw wastewater","wwtp",1,"ceres nanotrap","no","ddpcr","thermo magmax viral/pathogen nucleic acid isolation kit",2,"no","no","no","rsv","rsv-a and rsv-b combined",1782.16422,"copies/l wastewater",1500,"yes",1782.16422,749578.27295,4e-05,"pepper mild mottle virus",47341430.67077,"copies/l wastewater",113.7,"bcov vaccine","clarified sample",5,2026-07-24 11:01:00,2026
"9",9,9,24,"row-49gj-7jeu_ur9m","rv-mts8-66uf-qrh6",2026-07-24 15:01:50.227,2026-07-24 15:01:50.227,"48de54e631f1d6b33da89134aab7ab8c",1976,"vt","CDC_Verily",50027,"Windsor",6000,"f23704101ebbb5e5dd89cf6b3c7957ab",2026-07-13,"grab","raw wastewater","wwtp",0.35,"ceres nanotrap","no","ddpcr","thermo magmax viral/pathogen nucleic acid isolation kit",2,"no","no","no","rsv","rsv-a and rsv-b combined",0,"copies/l wastewater",1500,"no",750,165611.25,6e-05,"pepper mild mottle virus",13453186.03569,"copies/l wastewater",19.1,"bcov vaccine","clarified sample",5,2026-07-24 11:01:00,2026
"10",10,10,33,"row-x5mq_nuyg~v4qm","rv-k3mt-fiid.ifhb",2026-07-24 15:01:50.227,2026-07-24 15:01:50.227,"66db9cf01374bb960b427a6eed669420",2350,"vt","CDC_Verily",50001,"Addison",9000,"cda789e72a8256f97b7f48903ac91d62",2026-07-21,"24-hr flow-weighted composite","raw wastewater","wwtp",1,"ceres nanotrap","no","ddpcr","thermo magmax viral/pathogen nucleic acid isolation kit",2,"no","no","no","rsv","rsv-a and rsv-b combined",0,"copies/l wastewater",1500,"no",750,315450,2e-05,"pepper mild mottle virus",34882744.41846,"copies/l wastewater",89.3,"bcov vaccine","clarified sample",5,2026-07-24 11:01:00,2026
"11",11,11,34,"row-8nzk.96xp-eqmi","rv-73tw-tsjj.dquz",2026-07-24 15:01:50.227,2026-07-24 15:01:50.227,"7666cec8ee72fe34e1df838c098df964",2350,"vt","CDC_Verily",50001,"Addison",9000,"340fddc118ad1a727915e255b8605c95",2026-02-03,"24-hr flow-weighted composite","raw wastewater","wwtp",1,"ceres nanotrap","no","ddpcr","thermo magmax viral/pathogen nucleic acid isolation kit",2,"no","no","no","rsv","rsv-a and rsv-b combined",1386.28123,"copies/l wastewater",1500,"no",750,315450,2e-05,"pepper mild mottle virus",41776808.51692,"copies/l wastewater",70.3,"bcov vaccine","clarified sample",5,2026-07-24 11:01:00,2026
"12",12,12,42,"row-rxaw-eb7w~36h7","rv-thkt-9nqz_he5p",2026-07-24 15:01:50.227,2026-07-24 15:01:50.227,"800131f6f8f9c3c386efc23483abf1ad",1976,"vt","CDC_Verily",50027,"Windsor",6000,"add6c85c1edc844bcf09f460a36ca55d",2026-06-15,"grab","raw wastewater","wwtp",0.35,"ceres nanotrap","no","ddpcr","thermo magmax viral/pathogen nucleic acid isolation kit",2,"no","no","no","rsv","rsv-a and rsv-b combined",0,"copies/l wastewater",1500,"no",750,165611.25,8e-05,"pepper mild mottle virus",9940582.27446,"copies/l wastewater",68.6,"bcov vaccine","clarified sample",5,2026-07-24 11:01:00,2026
"13",13,13,48,"row-3t9m_vsgm_ka7q","rv-f5bp_fprr~eda2",2026-07-24 15:01:50.227,2026-07-24 15:01:50.227,"fbbf61564bbfea1e52008476317f60bc",1976,"vt","CDC_Verily",50027,"Windsor",6000,"2435ba6bca410d64452fc912ba3a7174",2026-01-19,"grab","raw wastewater","wwtp",0.35,"ceres nanotrap","no","ddpcr","thermo magmax viral/pathogen nucleic acid isolation kit",2,"no","no","no","rsv","rsv-a and rsv-b combined",0,"copies/l wastewater",1500,"no",750,165611.25,7e-04,"pepper mild mottle virus",1065946.35889,"copies/l wastewater",10.2,"bcov vaccine","clarified sample",5,2026-07-24 11:01:00,2026
"14",14,14,50,"row-2pc2~3tv8.p3c9","rv-48r2-kg2t-678d",2026-07-24 15:01:50.227,2026-07-24 15:01:50.227,"71ae6a888158b9c96a3a7b95df7eece9",1976,"vt","CDC_Verily",50027,"Windsor",6000,"a23fc00edc48d8179201920c07b36165",2026-07-07,"grab","raw wastewater","wwtp",0.35,"ceres nanotrap","no","ddpcr","thermo magmax viral/pathogen nucleic acid isolation kit",2,"no","no","no","rsv","rsv-a and rsv-b combined",0,"copies/l wastewater",1500,"no",750,165611.25,1e-05,"pepper mild mottle virus",126170194.19077,"copies/l wastewater",65.6,"bcov vaccine","clarified sample",5,2026-07-24 11:01:00,2026
"15",15,15,55,"row-jveq_sc2c_h67p","rv-m2a7~gyh4~jtfg",2026-07-24 15:01:50.227,2026-07-24 15:01:50.227,"20a8f25b0e591d93df7dbb9f6d2b69ca",2350,"vt","CDC_Verily",50001,"Addison",9000,"e0d8e848cf40a209c3a37e147a18dd70",2026-01-13,"24-hr flow-weighted composite","raw wastewater","wwtp",1,"ceres nanotrap","no","ddpcr","thermo magmax viral/pathogen nucleic acid isolation kit",2,"no","no","no","rsv","rsv-a and rsv-b combined",4562.49174,"copies/l wastewater",1500,"yes",4562.49174,1918984.02783,9e-05,"pepper mild mottle virus",48230863.13846,"copies/l wastewater",120.5,"bcov vaccine","clarified sample",5,2026-07-24 11:01:00,2026
"16",16,16,65,"row-qx7h-988e_6i58","rv-iern_59hv_jvcm",2026-07-24 15:01:50.227,2026-07-24 15:01:50.227,"fd11eb840266cad9c8495a281e3ce160",1976,"vt","CDC_Verily",50027,"Windsor",6000,"c86d0e7b13809efc1656bee42dc0231f",2026-05-20,"grab","raw wastewater","wwtp",0.35,"ceres nanotrap","no","ddpcr","thermo magmax viral/pathogen nucleic acid isolation kit",2,"no","no","no","rsv","rsv-a and rsv-b combined",0,"copies/l wastewater",1500,"no",750,165611.25,1e-04,"pepper mild mottle virus",7343288.128,"copies/l wastewater",39,"bcov vaccine","clarified sample",5,2026-07-24 11:01:00,2026
"17",17,17,70,"row-2m3t-a4zr_gqwh","rv-tdzj-hfds_sqq5",2026-07-24 15:01:50.227,2026-07-24 15:01:50.227,"40eca79856729d3ae2220522077394ad",1976,"vt","CDC_Verily",50027,"Windsor",6000,"39ff81e24cfcdc699ebb83dc1158f3e0",2026-05-05,"grab","raw wastewater","wwtp",0.35,"ceres nanotrap","no","ddpcr","thermo magmax viral/pathogen nucleic acid isolation kit",2,"no","no","no","rsv","rsv-a and rsv-b combined",0,"copies/l wastewater",1500,"no",750,165611.25,6e-05,"pepper mild mottle virus",11994080.76308,"copies/l wastewater",32.8,"bcov vaccine","clarified sample",5,2026-07-24 11:01:00,2026
"18",18,18,75,"row-3pgv.xwzs.xufp","rv-qc3m.de3w.ia94",2026-07-24 15:01:50.227,2026-07-24 15:01:50.227,"d23a1a59cc7e38e1996edf2aa11dd4b8",1976,"vt","CDC_Verily",50027,"Windsor",6000,"c52afae52054b30b1e198380e9f4d7b9",2026-04-14,"grab","raw wastewater","wwtp",0.35,"ceres nanotrap","no","ddpcr","thermo magmax viral/pathogen nucleic acid isolation kit",2,"no","no","no","rsv","rsv-a and rsv-b combined",0,"copies/l wastewater",1500,"no",750,165611.25,7e-05,"pepper mild mottle virus",11362257.73785,"copies/l wastewater",44.5,"bcov vaccine","clarified sample",5,2026-07-24 11:01:00,2026
"19",19,19,82,"row-si6m~pm6t-7szh","rv-y3mg.gxdn_74ip",2026-07-24 15:01:50.227,2026-07-24 15:01:50.227,"58cf07992eb3262e3cf02faf38859275",1976,"vt","CDC_Verily",50027,"Windsor",6000,"0b1a6eeb69b64cdd9a13917639c3692e",2026-02-09,"grab","raw wastewater","wwtp",0.35,"ceres nanotrap","no","ddpcr","thermo magmax viral/pathogen nucleic acid isolation kit",2,"no","no","no","rsv","rsv-a and rsv-b combined",0,"copies/l wastewater",1500,"no",750,165611.25,0.00098,"pepper mild mottle virus",763684.85957,"copies/l wastewater",10.4,"bcov vaccine","clarified sample",5,2026-07-24 11:01:00,2026
"20",20,20,85,"row-cztg_s7gx-5pxf","rv-454h~ptgb.iwg2",2026-07-24 15:01:50.227,2026-07-24 15:01:50.227,"3782f2d041391c94037ceaf1e4a4b119",1976,"vt","CDC_Verily",50027,"Windsor",6000,"e4f76201844bcc7730eab4da00abbe98",2026-03-24,"grab","raw wastewater","wwtp",0.35,"ceres nanotrap","no","ddpcr","thermo magmax viral/pathogen nucleic acid isolation kit",2,"no","no","no","rsv","rsv-a and rsv-b combined",0,"copies/l wastewater",1500,"no",750,165611.25,4e-05,"pepper mild mottle virus",20580204.89108,"copies/l wastewater",22.3,"bcov vaccine","clarified sample",5,2026-07-24 11:01:00,2026
"21",21,21,90,"row-3g3u-xjtz_6eew","rv-8nja.66eg_evmi",2026-07-24 15:01:50.227,2026-07-24 15:01:50.227,"1fab0946cb74bc01320782319fd9ff9f",2350,"vt","CDC_Verily",50001,"Addison",9000,"f0039426b9273c4df111e3315dfd61e2",2026-06-23,"24-hr flow-weighted composite","raw wastewater","wwtp",1,"ceres nanotrap","no","ddpcr","thermo magmax viral/pathogen nucleic acid isolation kit",2,"no","no","no","rsv","rsv-a and rsv-b combined",0,"copies/l wastewater",1500,"no",750,315450,2e-05,"pepper mild mottle virus",35221224.27077,"copies/l wastewater",77.4,"bcov vaccine","clarified sample",5,2026-07-24 11:01:00,2026
"22",22,22,95,"row-5nrd_e6mr-jvfc","rv-3r3t_68ii_9h6x",2026-07-24 15:01:50.227,2026-07-24 15:01:50.227,"9400337d85b520532babdce103928d7c",2350,"vt","CDC_Verily",50001,"Addison",9000,"026bffa8763e81c90e97b64d1c5b8f83",2026-05-19,"24-hr flow-weighted composite","raw wastewater","wwtp",1,"ceres nanotrap","no","ddpcr","thermo magmax viral/pathogen nucleic acid isolation kit",2,"no","no","no","rsv","rsv-a and rsv-b combined",0,"copies/l wastewater",1500,"no",750,315450,1e-05,"pepper mild mottle virus",59413085.93231,"copies/l wastewater",154.2,"bcov vaccine","clarified sample",5,2026-07-24 11:01:00,2026
"23",23,23,99,"row-cwij.c8gk-4xz2","rv-v9gq-cyyb_5frn",2026-07-24 15:01:50.227,2026-07-24 15:01:50.227,"6a6aa8b3484247580278dca01b13c6e0",2350,"vt","CDC_Verily",50001,"Addison",9000,"941aab9954495df95c1d2e6bffe59581",2026-03-10,"24-hr flow-weighted composite","raw wastewater","wwtp",1,"ceres nanotrap","no","ddpcr","thermo magmax viral/pathogen nucleic acid isolation kit",2,"no","no","no","rsv","rsv-a and rsv-b combined",0,"copies/l wastewater",1500,"no",750,315450,8e-05,"pepper mild mottle virus",9341199.43385,"copies/l wastewater",84.6,"bcov vaccine","clarified sample",5,2026-07-24 11:01:00,2026
"24",24,24,100,"row-gg86.ku57~zxrw","rv-gjyk~cywf~a5mv",2026-07-24 15:01:50.227,2026-07-24 15:01:50.227,"fe6ab13a25677b13f393b7cbc059b98b",2350,"vt","CDC_Verily",50001,"Addison",9000,"833e8dbd76a24445c66490d9f29c622e",2026-06-16,"24-hr flow-weighted composite","raw wastewater","wwtp",1,"ceres nanotrap","no","ddpcr","thermo magmax viral/pathogen nucleic acid isolation kit",2,"no","no","no","rsv","rsv-a and rsv-b combined",0,"copies/l wastewater",1500,"no",750,315450,3e-05,"pepper mild mottle virus",26848731.39692,"copies/l wastewater",127.2,"bcov vaccine","clarified sample",5,2026-07-24 11:01:00,2026
"25",25,25,106,"row-jun4_rmpi.xncy","rv-qppr-bkpu_re3v",2026-07-24 15:01:50.227,2026-07-24 15:01:50.227,"7beb07c47209959159b45582d9f9de57",2350,"vt","CDC_Verily",50001,"Addison",9000,"6303e6fcb88215a0218d35331cf48d82",2026-04-16,"24-hr flow-weighted composite","raw wastewater","wwtp",1,"ceres nanotrap","no","ddpcr","thermo magmax viral/pathogen nucleic acid isolation kit",2,"no","no","no","rsv","rsv-a and rsv-b combined",0,"copies/l wastewater",1500,"no",750,315450,0.00065,"pepper mild mottle virus",1145042.71286,"copies/l wastewater",40.4,"bcov vaccine","clarified sample",5,2026-07-24 11:01:00,2026
"26",26,26,107,"row-cf9w_4kvv~58yh","rv-b3yd~whjt-2zna",2026-07-24 15:01:50.227,2026-07-24 15:01:50.227,"e20868eb6aa417988669ea1a63669dc6",2350,"vt","CDC_Verily",50001,"Addison",9000,"566953a3bdcf419afda58ec94df0165b",2026-04-23,"24-hr flow-weighted composite","raw wastewater","wwtp",1,"ceres nanotrap","no","ddpcr","thermo magmax viral/pathogen nucleic acid isolation kit",2,"no","no","no","rsv","rsv-a and rsv-b combined",4654.89675,"copies/l wastewater",1500,"yes",4654.89675,1957849.57388,9e-05,"pepper mild mottle virus",50232454.74462,"copies/l wastewater",134.8,"bcov vaccine","clarified sample",5,2026-07-24 11:01:00,2026
"27",27,27,108,"row-d4jw_i25f.c89a","rv-zbev.7433-vrxg",2026-07-24 15:01:50.227,2026-07-24 15:01:50.227,"f2e73446a0d1e9b1926371b313f2fa7a",2350,"vt","CDC_Verily",50001,"Addison",9000,"673fdc7a7f6e632fcf9251f86f91ead5",2026-03-31,"24-hr flow-weighted composite","raw wastewater","wwtp",1,"ceres nanotrap","no","ddpcr","thermo magmax viral/pathogen nucleic acid isolation kit",2,"no","no","no","rsv","rsv-a and rsv-b combined",2569.84032,"copies/l wastewater",1500,"yes",2569.84032,1080874.83911,4e-05,"pepper mild mottle virus",60949176.49231,"copies/l wastewater",29.3,"bcov vaccine","clarified sample",5,2026-07-24 11:01:00,2026
"28",28,28,116,"row-mruf-n2ut.pem2","rv-p5u6~bj8j_3eh9",2026-07-24 15:01:50.227,2026-07-24 15:01:50.227,"41650fa6b2f4a5530cd8f75789f309b7",2350,"vt","CDC_Verily",50001,"Addison",9000,"1bc105b8fb9a975fdd70afba9ec69375",2026-02-17,"24-hr flow-weighted composite","raw wastewater","wwtp",1,"ceres nanotrap","no","ddpcr","thermo magmax viral/pathogen nucleic acid isolation kit",2,"no","no","no","rsv","rsv-a and rsv-b combined",4702.9234,"copies/l wastewater",1500,"yes",4702.9234,1978049.58292,7e-05,"pepper mild mottle virus",69505596.45538,"copies/l wastewater",68.1,"bcov vaccine","clarified sample",5,2026-07-24 11:01:00,2026
"29",29,29,121,"row-9c65~nsn9-x2mp","rv-q7zq-f5e4.qtke",2026-07-24 15:01:50.227,2026-07-24 15:01:50.227,"424318420cf34842c8d4f38ec9714ca6",1965,"vt","WastewaterSCAN",50007,"Chittenden",30000,"e0e41b579206842952fc5d1b05454dd6",2026-02-04,"grab","primary sludge","wwtp",NA,"none","no","ddpcr","chemagic viral dna/rna 300 kit",1,"not tested",NA,"no","rsv","rsv-a and rsv-b combined",33719.15618,"copies/g dry sludge",1100,"yes",33719.15618,NA,0.00014,"pepper mild mottle virus",249142456.0452,"copies/g dry sludge",61.6,"bcov vaccine","dewatered solids",4,2026-07-24 11:01:00,2026
"30",30,30,124,"row-xcrx-2bpv_fk6i","rv-xbfn-9hzt_q9z5",2026-07-24 15:01:50.227,2026-07-24 15:01:50.227,"0dabeb7395a6e33fa50cac5d9cdb543f",1966,"vt","WastewaterSCAN",50007,"Chittenden",16000,"aa0c475af806fe02469e5c47834a3aea",2026-02-05,"24-hr time-weighted composite","post grit removal","wwtp",NA,"none","no","ddpcr","chemagic viral dna/rna 300 kit",1,"not tested",NA,"no","rsv","rsv-a and rsv-b combined",24576.2547,"copies/g dry sludge",1100,"yes",24576.2547,NA,1e-04,"pepper mild mottle virus",242937144.71287,"copies/g dry sludge",78.2,"bcov vaccine","dewatered solids",4,2026-07-24 11:01:00,2026
"31",31,31,130,"row-fv2j~auuv-e8sz","rv-jaje_d4gd.undc",2026-07-24 15:01:50.227,2026-07-24 15:01:50.227,"c4cd05cb0eb20a7ff12e86a53385c1f2",1965,"vt","WastewaterSCAN",50007,"Chittenden",30000,"0249f35a8053b8cc749dddb23682186e",2026-02-13,"grab","primary sludge","wwtp",NA,"none","no","ddpcr","chemagic viral dna/rna 300 kit",1,"not tested",NA,"no","rsv","rsv-a and rsv-b combined",34808.51079,"copies/g dry sludge",1100,"yes",34808.51079,NA,7e-05,"pepper mild mottle virus",514569729.51244,"copies/g dry sludge",102.1,"bcov vaccine","dewatered solids",4,2026-07-24 11:01:00,2026
"32",32,32,133,"row-zs92-7pvk_papn","rv-h9yu~c6ab~mnxb",2026-07-24 15:01:50.227,2026-07-24 15:01:50.227,"184152053637768f43ecf4f157c2e472",1967,"vt","CDC_Verily",50007,"Chittenden",25000,"6d85194fdd3637f43ac0d31a7e79b92f",2026-03-24,"24-hr flow-weighted composite","post grit removal","wwtp",0,"ceres nanotrap","no","ddpcr","thermo magmax viral/pathogen nucleic acid isolation kit",2,"no","no","no","rsv","rsv-a and rsv-b combined",0,"copies/l wastewater",1500,"no",750,NA,3e-05,"pepper mild mottle virus",26899580.72615,"copies/l wastewater",52.3,"bcov vaccine","clarified sample",5,2026-07-24 11:01:00,2026
"33",33,33,141,"row-f4vw~snxf.mur3","rv-uzru_6cpx.n3nz",2026-07-24 15:01:50.227,2026-07-24 15:01:50.227,"733eccfc5d09e4ae39dbeaffe99f2e42",1965,"vt","WastewaterSCAN",50007,"Chittenden",30000,"6fe0f1dc2cc875257bce874dec3db33f",2026-04-01,"grab","primary sludge","wwtp",NA,"none","no","ddpcr","chemagic viral dna/rna 300 kit",1,"not tested",NA,"no","rsv","rsv-a and rsv-b combined",34969.41914,"copies/g dry sludge",1100,"yes",34969.41914,NA,0.00012,"pepper mild mottle virus",303733119.39048,"copies/g dry sludge",111.6,"bcov vaccine","dewatered solids",4,2026-07-24 11:01:00,2026
"34",34,34,148,"row-j9r2_p84v_xhud","rv-6rc2~u6qy.txvm",2026-07-24 15:01:50.227,2026-07-24 15:01:50.227,"f9609d2a5a3487edcda7957440d8d462",1975,"vt","WastewaterSCAN",50023,"Washington",10100,"a8941192554983eec4c2f0d1fcfc4e4e",2026-03-03,"grab","primary sludge","wwtp",NA,"none","no","ddpcr","chemagic viral dna/rna 300 kit",1,"not tested",NA,"no","rsv","rsv-a and rsv-b combined",60850.35346,"copies/g dry sludge",1100,"yes",60850.35346,NA,0.00015,"pepper mild mottle virus",411770063.39321,"copies/g dry sludge",142.5,"bcov vaccine","dewatered solids",4,2026-07-24 11:01:00,2026
"35",35,35,150,"row-224q-a4rp_s4z3","rv-nb2i.hxtq_vypw",2026-07-24 15:01:50.227,2026-07-24 15:01:50.227,"c9132b1b36be12b5bdb506b0255df7fe",1975,"vt","WastewaterSCAN",50023,"Washington",10100,"8bf04f34088409f3648c3954ddb5d540",2026-07-16,"grab","primary sludge","wwtp",NA,"none","no","ddpcr","chemagic viral dna/rna 300 kit",1,"not tested",NA,"no","rsv","rsv-a and rsv-b combined",0,"copies/g dry sludge",1100,"no",550,NA,0,"pepper mild mottle virus",239599474.40126,"copies/g dry sludge",98.5,"bcov vaccine","dewatered solids",4,2026-07-24 11:01:00,2026
"36",36,36,160,"row-3sai-2eu5~vkjd","rv-qpb6.2f2n~crdf",2026-07-24 15:01:50.227,2026-07-24 15:01:50.227,"e8eef913cabc848b8a37dc85062b8c41",1965,"vt","WastewaterSCAN",50007,"Chittenden",30000,"f1f40ba0a177877d0979e0a2465dbf96",2026-01-19,"grab","primary sludge","wwtp",NA,"none","no","ddpcr","chemagic viral dna/rna 300 kit",1,"not tested",NA,"no","rsv","rsv-a and rsv-b combined",4975.30761,"copies/g dry sludge",1100,"yes",4975.30761,NA,1e-05,"pepper mild mottle virus",395217582.46154,"copies/g dry sludge",96,"bcov vaccine","dewatered solids",4,2026-07-24 11:01:00,2026
"37",37,37,189,"row-u4ik~u6sh_c9nd","rv-tje5_3axg-2g49",2026-07-24 15:01:50.227,2026-07-24 15:01:50.227,"46aa2ceb865f097231849f7a1f5e63ad",1966,"vt","WastewaterSCAN",50007,"Chittenden",16000,"be87eba4520269fabc5da3fd1436c71c",2026-05-28,"24-hr time-weighted composite","post grit removal","wwtp",NA,"none","no","ddpcr","chemagic viral dna/rna 300 kit",1,"not tested",NA,"no","rsv","rsv-a and rsv-b combined",0,"copies/g dry sludge",1100,"no",550,NA,0,"pepper mild mottle virus",307852254.18667,"copies/g dry sludge",108.2,"bcov vaccine","dewatered solids",4,2026-07-24 11:01:00,2026
"38",38,38,196,"row-eacy-tvqe_6ur2","rv-6xyy~xzj2.xa4v",2026-07-24 15:01:50.227,2026-07-24 15:01:50.227,"bcd1dcd1681a44cdd77f75da90ae4616",1965,"vt","WastewaterSCAN",50007,"Chittenden",30000,"e0f019db2d5009d489dc23b80e2c030c",2026-07-03,"grab","primary sludge","wwtp",NA,"none","no","ddpcr","chemagic viral dna/rna 300 kit",1,"not tested",NA,"no","rsv","rsv-a and rsv-b combined",0,"copies/g dry sludge",1100,"no",550,NA,0,"pepper mild mottle virus",333675248.72492,"copies/g dry sludge",130.4,"bcov vaccine","dewatered solids",4,2026-07-24 11:01:00,2026
"39",39,39,199,"row-s8jy_xxpy.ftxe","rv-twir~gryg-8rp3",2026-07-24 15:01:50.227,2026-07-24 15:01:50.227,"844d9b450f78a49dd3ae05ad6a990abe",1965,"vt","WastewaterSCAN",50007,"Chittenden",30000,"d82a7e8908cf2ce307c450fc519e65e6",2026-03-18,"grab","primary sludge","wwtp",NA,"none","no","ddpcr","chemagic viral dna/rna 300 kit",1,"not tested",NA,"no","rsv","rsv-a and rsv-b combined",17617.08697,"copies/g dry sludge",1100,"yes",17617.08697,NA,3e-05,"pepper mild mottle virus",616376486.48951,"copies/g dry sludge",95,"bcov vaccine","dewatered solids",4,2026-07-24 11:01:00,2026
"40",40,40,203,"row-fe3n~cz6h.j52d","rv-se3s-zfeh-im9m",2026-07-24 15:01:50.227,2026-07-24 15:01:50.227,"f22d76382945461dac3a5b55c074bc84",1966,"vt","WastewaterSCAN",50007,"Chittenden",16000,"4fefe00f5a2ba2a93f795a18156687a0",2026-04-09,"24-hr time-weighted composite","post grit removal","wwtp",NA,"none","no","ddpcr","chemagic viral dna/rna 300 kit",1,"not tested",NA,"no","rsv","rsv-a and rsv-b combined",26185.34011,"copies/g dry sludge",1100,"yes",26185.34011,NA,0.00011,"pepper mild mottle virus",228782802.74747,"copies/g dry sludge",192.6,"bcov vaccine","dewatered solids",4,2026-07-24 11:01:00,2026
"41",41,41,206,"row-6mrf~8hf3_ejau","rv-33zj~mxin_59ki",2026-07-24 15:01:50.227,2026-07-24 15:01:50.227,"f7847129888737e376e9c446440820fc",1975,"vt","WastewaterSCAN",50023,"Washington",10100,"952ed449099436dffcdcdd7051f9b299",2026-03-10,"grab","primary sludge","wwtp",NA,"none","no","ddpcr","chemagic viral dna/rna 300 kit",1,"not tested",NA,"no","rsv","rsv-a and rsv-b combined",17400.33682,"copies/g dry sludge",1100,"yes",17400.33682,NA,0.00012,"pepper mild mottle virus",150103476.4782,"copies/g dry sludge",157,"bcov vaccine","dewatered solids",4,2026-07-24 11:01:00,2026
"42",42,42,211,"row-xce4-bfkv~5itu","rv-i5qu.ryrj_hbys",2026-07-24 15:01:50.227,2026-07-24 15:01:50.227,"4df1ab6ed7bad3817c31c6447d001166",1966,"vt","WastewaterSCAN",50007,"Chittenden",16000,"79df10217aee1150daf214755e7ed10d",2026-02-10,"24-hr time-weighted composite","post grit removal","wwtp",NA,"none","no","ddpcr","chemagic viral dna/rna 300 kit",1,"not tested",NA,"no","rsv","rsv-a and rsv-b combined",9563.7375,"copies/g dry sludge",1100,"yes",9563.7375,NA,4e-05,"pepper mild mottle virus",248135895.37589,"copies/g dry sludge",123.7,"bcov vaccine","dewatered solids",4,2026-07-24 11:01:00,2026
"43",43,43,216,"row-z33m_aaex_44x3","rv-s32s.4efu-ipxs",2026-07-24 15:01:50.227,2026-07-24 15:01:50.227,"076beb5bd0f8d47728d93959d4f8c979",1966,"vt","WastewaterSCAN",50007,"Chittenden",16000,"17aaf99671259fbf70c7c743097d193e",2026-01-22,"24-hr time-weighted composite","post grit removal","wwtp",NA,"none","no","ddpcr","chemagic viral dna/rna 300 kit",1,"not tested",NA,"no","rsv","rsv-a and rsv-b combined",8240.30929,"copies/g dry sludge",1100,"yes",8240.30929,NA,4e-05,"pepper mild mottle virus",190455667.9174,"copies/g dry sludge",122.6,"bcov vaccine","dewatered solids",4,2026-07-24 11:01:00,2026
"44",44,44,217,"row-sdmg~7qqc_uhfw","rv-n35d-uy8b~siyi",2026-07-24 15:01:50.227,2026-07-24 15:01:50.227,"a2e6689ca9a51e44409aca12c633a62f",1975,"vt","WastewaterSCAN",50023,"Washington",10100,"82928c1ebe3759d6e8c82fdcea577855",2026-01-15,"grab","primary sludge","wwtp",NA,"none","no","ddpcr","chemagic viral dna/rna 300 kit",1,"not tested",NA,"no","rsv","rsv-a and rsv-b combined",13766.56058,"copies/g dry sludge",1100,"yes",13766.56058,NA,6e-05,"pepper mild mottle virus",245665967.03704,"copies/g dry sludge",277.1,"bcov vaccine","dewatered solids",4,2026-07-24 11:01:00,2026
"45",45,45,222,"row-aeh9-u3k6~tur3","rv-hia7-fj76_vpwq",2026-07-24 15:01:50.227,2026-07-24 15:01:50.227,"bad61e7068ab6544a539fd26c223509e",1965,"vt","WastewaterSCAN",50007,"Chittenden",30000,"87b1371aae2b2d6b317bc7bdb54c2cd4",2026-01-23,"grab","primary sludge","wwtp",NA,"none","no","ddpcr","chemagic viral dna/rna 300 kit",1,"not tested",NA,"no","rsv","rsv-a and rsv-b combined",10600.11399,"copies/g dry sludge",1100,"yes",10600.11399,NA,6e-05,"pepper mild mottle virus",185296100.08116,"copies/g dry sludge",156.5,"bcov vaccine","dewatered solids",4,2026-07-24 11:01:00,2026
"46",46,46,224,"row-6trg-4p8c.rwee","rv-jkyj_jpv2_2bc9",2026-07-24 15:01:50.227,2026-07-24 15:01:50.227,"7d7d9a25d16778751794a6b7496314bc",1975,"vt","WastewaterSCAN",50023,"Washington",10100,"436760bc4320c05ea183573d5733634f",2026-06-04,"grab","primary sludge","wwtp",NA,"none","no","ddpcr","chemagic viral dna/rna 300 kit",1,"not tested",NA,"no","rsv","rsv-a and rsv-b combined",4090.53452,"copies/g dry sludge",1100,"yes",4090.53452,NA,1e-05,"pepper mild mottle virus",325447884.811,"copies/g dry sludge",148.7,"bcov vaccine","dewatered solids",4,2026-07-24 11:01:00,2026
"47",47,47,227,"row-vuxc~qs3a~x33d","rv-fjaf_xw2v~gsur",2026-07-24 15:01:50.227,2026-07-24 15:01:50.227,"f6b6500ced9d8b942c9dcf586194a18e",1967,"vt","CDC_Verily",50007,"Chittenden",25000,"d7ee8b1567fd45934edce398625e14ec",2026-05-19,"24-hr flow-weighted composite","post grit removal","wwtp",0,"ceres nanotrap","no","ddpcr","thermo magmax viral/pathogen nucleic acid isolation kit",2,"no","no","no","rsv","rsv-a and rsv-b combined",0,"copies/l wastewater",1500,"no",750,NA,1e-05,"pepper mild mottle virus",78828021.71077,"copies/l wastewater",158.2,"bcov vaccine","clarified sample",5,2026-07-24 11:01:00,2026
"48",48,48,228,"row-5re8_yh9n_zfzk","rv-8gwm~t3dt-w6pj",2026-07-24 15:01:50.227,2026-07-24 15:01:50.227,"1d61b14e6279b5c682b8a17c4545eb4b",1966,"vt","WastewaterSCAN",50007,"Chittenden",16000,"f7b2638a0dae7fd36cac0d7f18b58842",2026-05-26,"24-hr time-weighted composite","post grit removal","wwtp",NA,"none","no","ddpcr","chemagic viral dna/rna 300 kit",1,"not tested",NA,"no","rsv","rsv-a and rsv-b combined",0,"copies/g dry sludge",1100,"no",550,NA,0,"pepper mild mottle virus",246082108.20741,"copies/g dry sludge",83.2,"bcov vaccine","dewatered solids",4,2026-07-24 11:01:00,2026
"49",49,49,230,"row-mp4k-z9vs.q4gt","rv-mvmk~z398_na3a",2026-07-24 15:01:50.227,2026-07-24 15:01:50.227,"e164e4d6f74d409f4d9374f13b17a0f4",1967,"vt","CDC_Verily",50007,"Chittenden",25000,"42525170ec032cd7d8ce686d237080ac",2026-06-09,"24-hr flow-weighted composite","post grit removal","wwtp",0,"ceres nanotrap","no","ddpcr","thermo magmax viral/pathogen nucleic acid isolation kit",2,"no","no","no","rsv","rsv-a and rsv-b combined",0,"copies/l wastewater",1500,"no",750,NA,1e-05,"pepper mild mottle virus",85086979.79077,"copies/l wastewater",83,"bcov vaccine","clarified sample",5,2026-07-24 11:01:00,2026
"50",50,50,239,"row-n6a6-r7ft-px4q","rv-gwcp-udrq-9829",2026-07-24 15:01:50.227,2026-07-24 15:01:50.227,"c2262e2a5d7c0f5474fe8ec85a961d5c",1965,"vt","WastewaterSCAN",50007,"Chittenden",30000,"b5280ce8a678106831262ddd9ee0aaf7",2026-03-11,"grab","primary sludge","wwtp",NA,"none","no","ddpcr","chemagic viral dna/rna 300 kit",1,"not tested",NA,"no","rsv","rsv-a and rsv-b combined",22022.05298,"copies/g dry sludge",1100,"yes",22022.05298,NA,6e-05,"pepper mild mottle virus",370782940.17094,"copies/g dry sludge",110.1,"bcov vaccine","dewatered solids",4,2026-07-24 11:01:00,2026
"51",51,51,258,"row-8tvv-83k9~bciu","rv-icke_5f5q~mbgw",2026-07-24 15:01:50.227,2026-07-24 15:01:50.227,"c7c2cd66b36642ee94f1385565fc7edb",1966,"vt","WastewaterSCAN",50007,"Chittenden",16000,"d8842b827dea87e2cf3b2fc1b396c375",2026-06-23,"24-hr time-weighted composite","post grit removal","wwtp",NA,"none","no","ddpcr","chemagic viral dna/rna 300 kit",1,"not tested",NA,"no","rsv","rsv-a and rsv-b combined",0,"copies/g dry sludge",1100,"no",550,NA,0,"pepper mild mottle virus",249022890.55197,"copies/g dry sludge",133.5,"bcov vaccine","dewatered solids",4,2026-07-24 11:01:00,2026
"52",52,52,273,"row-243h.uj4s.a8vh","rv-nnbj~2se5.a8tt",2026-07-24 15:01:50.227,2026-07-24 15:01:50.227,"3022bcb1b5aca3f6abc727f06f674f91",1965,"vt","WastewaterSCAN",50007,"Chittenden",30000,"889d48e83def8b6ad6f4e131530cedcb",2026-04-15,"grab","primary sludge","wwtp",NA,"none","no","ddpcr","chemagic viral dna/rna 300 kit",1,"not tested",NA,"no","rsv","rsv-a and rsv-b combined",26426.92758,"copies/g dry sludge",1100,"yes",26426.92758,NA,7e-05,"pepper mild mottle virus",362555509.33333,"copies/g dry sludge",108.4,"bcov vaccine","dewatered solids",4,2026-07-24 11:01:00,2026
"53",53,53,280,"row-sd9f_36h4.z6ju","rv-xvei~qqsn-irf5",2026-07-24 15:01:50.227,2026-07-24 15:01:50.227,"30b00e29b0ee883b7a5b2e088a1a426b",1965,"vt","WastewaterSCAN",50007,"Chittenden",30000,"d209330a238291f49dd670de18542685",2026-07-15,"grab","primary sludge","wwtp",NA,"none","no","ddpcr","chemagic viral dna/rna 300 kit",1,"not tested",NA,"no","rsv","rsv-a and rsv-b combined",0,"copies/g dry sludge",1100,"no",550,NA,0,"pepper mild mottle virus",248916714.87379,"copies/g dry sludge",66.3,"bcov vaccine","dewatered solids",4,2026-07-24 11:01:00,2026
"54",54,54,292,"row-hgt4~u8yd-i6j5","rv-a3yg-y8f5.6ren",2026-07-24 15:01:50.227,2026-07-24 15:01:50.227,"ac80cedb9941d2416bd86c003cdc718a",1966,"vt","WastewaterSCAN",50007,"Chittenden",16000,"9f25cfbb97872634f3f5c0553fccf132",2026-05-21,"24-hr time-weighted composite","post grit removal","wwtp",NA,"none","no","ddpcr","chemagic viral dna/rna 300 kit",1,"not tested",NA,"no","rsv","rsv-a and rsv-b combined",4007.3573,"copies/g dry sludge",1100,"yes",4007.3573,NA,2e-05,"pepper mild mottle virus",166881801.8018,"copies/g dry sludge",96,"bcov vaccine","dewatered solids",4,2026-07-24 11:01:00,2026
"55",55,55,301,"row-fauz~z98k~rdrx","rv-6v8n~jmva~st6g",2026-07-24 15:01:50.227,2026-07-24 15:01:50.227,"889b0efc841dd63dc94b83e836180500",1967,"vt","CDC_Verily",50007,"Chittenden",25000,"7169a6552cce8341bfd542d8bd84e8c8",2026-05-05,"24-hr flow-weighted composite","post grit removal","wwtp",0,"ceres nanotrap","no","ddpcr","thermo magmax viral/pathogen nucleic acid isolation kit",2,"no","no","no","rsv","rsv-a and rsv-b combined",0,"copies/l wastewater",1500,"no",750,NA,1e-05,"pepper mild mottle virus",73446007.36,"copies/l wastewater",90.9,"bcov vaccine","clarified sample",5,2026-07-24 11:01:00,2026
"56",56,56,306,"row-fga4~32ee-ey6y","rv-6nia-42dd~8exb",2026-07-24 15:01:50.227,2026-07-24 15:01:50.227,"703db007e1cb264e7e0c79febb21661d",1966,"vt","WastewaterSCAN",50007,"Chittenden",16000,"deebad63a62e0129e1e21b89977c79a2",2026-06-09,"24-hr time-weighted composite","post grit removal","wwtp",NA,"none","no","ddpcr","chemagic viral dna/rna 300 kit",1,"not tested",NA,"no","rsv","rsv-a and rsv-b combined",0,"copies/g dry sludge",1100,"no",550,NA,0,"pepper mild mottle virus",170717711.71429,"copies/g dry sludge",53.8,"bcov vaccine","dewatered solids",4,2026-07-24 11:01:00,2026
"57",57,57,311,"row-vz5i-zjjf_pqrd","rv-7sen-n3f2~iyhv",2026-07-24 15:01:50.227,2026-07-24 15:01:50.227,"85282f7c5cbdbbf9272ede64b07a33dc",1965,"vt","WastewaterSCAN",50007,"Chittenden",30000,"e083eef36b356fb56b60c413068990d5",2026-03-09,"grab","primary sludge","wwtp",NA,"none","no","ddpcr","chemagic viral dna/rna 300 kit",1,"not tested",NA,"no","rsv","rsv-a and rsv-b combined",26201.74492,"copies/g dry sludge",1100,"yes",26201.74492,NA,8e-05,"pepper mild mottle virus",325295555.22481,"copies/g dry sludge",154.4,"bcov vaccine","dewatered solids",4,2026-07-24 11:01:00,2026
"58",58,58,313,"row-cvev-pxh6_vfei","rv-qdfd~85ws~kf8k",2026-07-24 15:01:50.227,2026-07-24 15:01:50.227,"c2e79eba3fab73b1cb04f6d055532a5c",1967,"vt","CDC_Verily",50007,"Chittenden",25000,"b5c8ce79e980883815af38516815e3cf",2026-04-22,"24-hr flow-weighted composite","post grit removal","wwtp",0,"ceres nanotrap","no","ddpcr","thermo magmax viral/pathogen nucleic acid isolation kit",2,"no","no","no","rsv","rsv-a and rsv-b combined",0,"copies/l wastewater",1500,"no",750,NA,1e-05,"pepper mild mottle virus",70355149.48923,"copies/l wastewater",49.2,"bcov vaccine","clarified sample",5,2026-07-24 11:01:00,2026
"59",59,59,316,"row-55fm-ewv9.2ymf","rv-c9s3~gr59-nbnq",2026-07-24 15:01:50.227,2026-07-24 15:01:50.227,"73bd90dc1df1396a4649e93f2a48d76c",1966,"vt","WastewaterSCAN",50007,"Chittenden",16000,"3d912a7a3637bdfa55a55ef18de0bcb3",2026-03-03,"24-hr time-weighted composite","post grit removal","wwtp",NA,"none","no","ddpcr","chemagic viral dna/rna 300 kit",1,"not tested",NA,"no","rsv","rsv-a and rsv-b combined",25212.80744,"copies/g dry sludge",1100,"yes",25212.80744,NA,6e-05,"pepper mild mottle virus",435498809.77778,"copies/g dry sludge",141.1,"bcov vaccine","dewatered solids",4,2026-07-24 11:01:00,2026
"60",60,60,323,"row-38fy_r627.hsdb","rv-kf4p_xaz6-zirw",2026-07-24 15:01:50.227,2026-07-24 15:01:50.227,"9dc5d99f7f88591a57cb66512d41329a",1975,"vt","WastewaterSCAN",50023,"Washington",10100,"d700bd6d046c02aa4788e18964b511cd",2026-05-05,"grab","primary sludge","wwtp",NA,"none","no","ddpcr","chemagic viral dna/rna 300 kit",1,"not tested",NA,"no","rsv","rsv-a and rsv-b combined",14553.90838,"copies/g dry sludge",1100,"yes",14553.90838,NA,6e-05,"pepper mild mottle virus",255025097.98582,"copies/g dry sludge",77.6,"bcov vaccine","dewatered solids",4,2026-07-24 11:01:00,2026
"61",61,61,325,"row-mtug-niun~stxh","rv-37mu.iygb.zdfs",2026-07-24 15:01:50.227,2026-07-24 15:01:50.227,"01f7f7bdf46190bf9cf74867c1c742cb",1975,"vt","WastewaterSCAN",50023,"Washington",10100,"0eda576ec66e2f22e5418519f1375e95",2026-02-09,"grab","primary sludge","wwtp",NA,"none","no","ddpcr","chemagic viral dna/rna 300 kit",1,"not tested",NA,"no","rsv","rsv-a and rsv-b combined",17283.54834,"copies/g dry sludge",1100,"yes",17283.54834,NA,7e-05,"pepper mild mottle virus",256210026.29108,"copies/g dry sludge",253.1,"bcov vaccine","dewatered solids",4,2026-07-24 11:01:00,2026
"62",62,62,326,"row-ffpi-v58v_jpqs","rv-gqha~qtcb~mqba",2026-07-24 15:01:50.227,2026-07-24 15:01:50.227,"4552879a70b164bd1b3cb6757dcf4338",1965,"vt","WastewaterSCAN",50007,"Chittenden",30000,"0069fde5c16d26b65358f96cef0e5cca",2026-05-18,"grab","primary sludge","wwtp",NA,"none","no","ddpcr","chemagic viral dna/rna 300 kit",1,"not tested",NA,"no","rsv","rsv-a and rsv-b combined",5073.14819,"copies/g dry sludge",1100,"yes",5073.14819,NA,2e-05,"pepper mild mottle virus",311594779.20958,"copies/g dry sludge",189.9,"bcov vaccine","dewatered solids",4,2026-07-24 11:01:00,2026
"63",63,63,328,"row-mv9x-xvit_xf49","rv-3anv_su2a.drug",2026-07-24 15:01:50.227,2026-07-24 15:01:50.227,"d4120bca1d93d59f8586075f38238f12",1966,"vt","WastewaterSCAN",50007,"Chittenden",16000,"691118fe1c168c1418468c5660a4ea53",2026-04-21,"24-hr time-weighted composite","post grit removal","wwtp",NA,"none","no","ddpcr","chemagic viral dna/rna 300 kit",1,"not tested",NA,"no","rsv","rsv-a and rsv-b combined",46931.72885,"copies/g dry sludge",1100,"yes",46931.72885,NA,0.00011,"pepper mild mottle virus",439537503.4386,"copies/g dry sludge",99.7,"bcov vaccine","dewatered solids",4,2026-07-24 11:01:00,2026
"64",64,64,336,"row-5b4b-ihuh~52fh","rv-frw9-fuwr_pp73",2026-07-24 15:01:50.227,2026-07-24 15:01:50.227,"a69b7a9e00aef99c839ab8162365363f",1965,"vt","WastewaterSCAN",50007,"Chittenden",30000,"67d3d5f3f4f0d8b7971b8611a26b657f",2026-02-09,"grab","primary sludge","wwtp",NA,"none","no","ddpcr","chemagic viral dna/rna 300 kit",1,"not tested",NA,"no","rsv","rsv-a and rsv-b combined",46861.47603,"copies/g dry sludge",1100,"yes",46861.47603,NA,0.00017,"pepper mild mottle virus",273681161.93464,"copies/g dry sludge",198.5,"bcov vaccine","dewatered solids",4,2026-07-24 11:01:00,2026
"65",65,65,337,"row-5uz6.vvus-wknk","rv-ws2x_dffc_ng92",2026-07-24 15:01:50.227,2026-07-24 15:01:50.227,"7f999bad2ba51726e802df2ba86690d4",1966,"vt","WastewaterSCAN",50007,"Chittenden",16000,"045f5ef79d7930c00317705a47c40f9c",2026-03-17,"24-hr time-weighted composite","post grit removal","wwtp",NA,"none","no","ddpcr","chemagic viral dna/rna 300 kit",1,"not tested",NA,"no","rsv","rsv-a and rsv-b combined",9768.35672,"copies/g dry sludge",1100,"yes",9768.35672,NA,3e-05,"pepper mild mottle virus",293810586.04329,"copies/g dry sludge",143.5,"bcov vaccine","dewatered solids",4,2026-07-24 11:01:00,2026
"66",66,66,341,"row-as7w_ge6s-m3j6","rv-bd6a~63x9_xaki",2026-07-24 15:01:50.227,2026-07-24 15:01:50.227,"d4827bfec772a8289bd65ddd01e06a29",1966,"vt","WastewaterSCAN",50007,"Chittenden",16000,"7968f9da8f6233ab08c7763fdec44637",2026-06-11,"24-hr time-weighted composite","post grit removal","wwtp",NA,"none","no","ddpcr","chemagic viral dna/rna 300 kit",1,"not tested",NA,"no","rsv","rsv-a and rsv-b combined",0,"copies/g dry sludge",1100,"no",550,NA,0,"pepper mild mottle virus",214734168.05674,"copies/g dry sludge",92.9,"bcov vaccine","dewatered solids",4,2026-07-24 11:01:00,2026
"67",67,67,350,"row-qa8u~2yp2-agpr","rv-2uxm.rp69.snag",2026-07-24 15:01:50.227,2026-07-24 15:01:50.227,"b9e31a7c78d2dcbf039e1ebea56e1ce6",1967,"vt","CDC_Verily",50007,"Chittenden",25000,"0a5d1e947e925da9fb001cf283d36312",2026-01-06,"24-hr flow-weighted composite","post grit removal","wwtp",0,"ceres nanotrap","no","ddpcr","thermo magmax viral/pathogen nucleic acid isolation kit",2,"no","no","no","rsv","rsv-a and rsv-b combined",7210.93047,"copies/l wastewater",1500,"yes",7210.93047,NA,9e-05,"pepper mild mottle virus",76905353.25538,"copies/l wastewater",116.9,"bcov vaccine","clarified sample",5,2026-07-24 11:01:00,2026
"68",68,68,351,"row-tk7t-ubj5~mgsi","rv-ff2n_2zrj-ravd",2026-07-24 15:01:50.227,2026-07-24 15:01:50.227,"b0ccb6562fddcea7ce695755aa4750e8",1975,"vt","WastewaterSCAN",50023,"Washington",10100,"4da79baa212f19216dc67d997f84797c",2026-06-29,"grab","primary sludge","wwtp",NA,"none","no","ddpcr","chemagic viral dna/rna 300 kit",1,"not tested",NA,"no","rsv","rsv-a and rsv-b combined",0,"copies/g dry sludge",1100,"no",550,NA,0,"pepper mild mottle virus",333880549.5914,"copies/g dry sludge",111.7,"bcov vaccine","dewatered solids",4,2026-07-24 11:01:00,2026
"69",69,69,355,"row-znhu.u3pm.b94p","rv-47rg.a6i8.gki3",2026-07-24 15:01:50.227,2026-07-24 15:01:50.227,"d6e0a7636fcd65728cf30a5401a336ee",1975,"vt","WastewaterSCAN",50023,"Washington",10100,"8467e1b802f8c605c76f36fc780a200b",2026-07-14,"grab","primary sludge","wwtp",NA,"none","no","ddpcr","chemagic viral dna/rna 300 kit",1,"not tested",NA,"no","rsv","rsv-a and rsv-b combined",0,"copies/g dry sludge",1100,"no",550,NA,0,"pepper mild mottle virus",238524708.24017,"copies/g dry sludge",77.2,"bcov vaccine","dewatered solids",4,2026-07-24 11:01:00,2026
"70",70,70,359,"row-78yt.bv4z-a2es","rv-rhdq.rttm_32b2",2026-07-24 15:01:50.227,2026-07-24 15:01:50.227,"3c791f5126534f0dfffa89aa62138544",1966,"vt","WastewaterSCAN",50007,"Chittenden",16000,"6caf415fdad4dcbae2198cd26c044f60",2026-07-09,"24-hr time-weighted composite","post grit removal","wwtp",NA,"none","no","ddpcr","chemagic viral dna/rna 300 kit",1,"not tested",NA,"no","rsv","rsv-a and rsv-b combined",0,"copies/g dry sludge",1100,"no",550,NA,0,"pepper mild mottle virus",133224819.64356,"copies/g dry sludge",71.6,"bcov vaccine","dewatered solids",4,2026-07-24 11:01:00,2026
"71",71,71,372,"row-a66k-fexy.dx4u","rv-dkhn~e43j-nwkn",2026-07-24 15:01:50.227,2026-07-24 15:01:50.227,"f1883c6a1f56c807d4b06c3d10cae475",1975,"vt","WastewaterSCAN",50023,"Washington",10100,"0e4957c5fa4fc34b5b40b219069a0a8c",2026-02-17,"grab","primary sludge","wwtp",NA,"none","no","ddpcr","chemagic viral dna/rna 300 kit",1,"not tested",NA,"no","rsv","rsv-a and rsv-b combined",47954.78892,"copies/g dry sludge",1100,"yes",47954.78892,NA,0.00019,"pepper mild mottle virus",251448743.50617,"copies/g dry sludge",194.6,"bcov vaccine","dewatered solids",4,2026-07-24 11:01:00,2026
"72",72,72,373,"row-8jud_qk6p-cqng","rv-b3cv.ca58-miq8",2026-07-24 15:01:50.227,2026-07-24 15:01:50.227,"12ae1d8ce0b967ed4b36f903149af9a6",1975,"vt","WastewaterSCAN",50023,"Washington",10100,"806bfefad4fb3c81885ade150e1a3e70",2026-03-24,"grab","primary sludge","wwtp",NA,"none","no","ddpcr","chemagic viral dna/rna 300 kit",1,"not tested",NA,"no","rsv","rsv-a and rsv-b combined",56982.21539,"copies/g dry sludge",1100,"yes",56982.21539,NA,0.00022,"pepper mild mottle virus",260050542.29787,"copies/g dry sludge",144.5,"bcov vaccine","dewatered solids",4,2026-07-24 11:01:00,2026
"73",73,73,374,"row-whup_sqce-fuqs","rv-mxfj_xb7q-5sqt",2026-07-24 15:01:50.227,2026-07-24 15:01:50.227,"973c06faea81c3de113c4cfc252bb14a",1966,"vt","WastewaterSCAN",50007,"Chittenden",16000,"db1e21b41afcfb63bdb3cacd63355070",2026-04-16,"24-hr time-weighted composite","post grit removal","wwtp",NA,"none","no","ddpcr","chemagic viral dna/rna 300 kit",1,"not tested",NA,"no","rsv","rsv-a and rsv-b combined",49066.28102,"copies/g dry sludge",1100,"yes",49066.28102,NA,0.00015,"pepper mild mottle virus",332790276.92308,"copies/g dry sludge",147.3,"bcov vaccine","dewatered solids",4,2026-07-24 11:01:00,2026
"74",74,74,378,"row-bqxz-5ujd-n7wz","rv-th6h-6zji~5tnt",2026-07-24 15:01:50.227,2026-07-24 15:01:50.227,"2e33ab3f3fc7df78eb10d1d7af35f2cb",1975,"vt","WastewaterSCAN",50023,"Washington",10100,"1333f75184c4e31109c9701b2952599a",2026-05-14,"grab","primary sludge","wwtp",NA,"none","no","ddpcr","chemagic viral dna/rna 300 kit",1,"not tested",NA,"no","rsv","rsv-a and rsv-b combined",0,"copies/g dry sludge",1100,"no",550,NA,0,"pepper mild mottle virus",220061211.85965,"copies/g dry sludge",120.2,"bcov vaccine","dewatered solids",4,2026-07-24 11:01:00,2026
"75",75,75,385,"row-7zp4.xhzr~7aju","rv-sxmn_hvp2_39yr",2026-07-24 15:01:50.227,2026-07-24 15:01:50.227,"0e2dcad42bdbee1c5b2b30c2c04f91b3",1975,"vt","WastewaterSCAN",50023,"Washington",10100,"b8d572fbd466a0449846bd400c1ed3f2",2026-05-26,"grab","primary sludge","wwtp",NA,"none","no","ddpcr","chemagic viral dna/rna 300 kit",1,"not tested",NA,"no","rsv","rsv-a and rsv-b combined",4334.48376,"copies/g dry sludge",1100,"yes",4334.48376,NA,2e-05,"pepper mild mottle virus",188562568.6406,"copies/g dry sludge",138.1,"bcov vaccine","dewatered solids",4,2026-07-24 11:01:00,2026
"76",76,76,386,"row-3uy9-bjt8.jsej","rv-jphq_yrez_kdva",2026-07-24 15:01:50.227,2026-07-24 15:01:50.227,"505fccdbdbc81b6eeb45599aeb55469e",1965,"vt","WastewaterSCAN",50007,"Chittenden",30000,"d7b23ad19f67b8eff75d7d6f69699799",2026-07-13,"grab","primary sludge","wwtp",NA,"none","no","ddpcr","chemagic viral dna/rna 300 kit",1,"not tested",NA,"no","rsv","rsv-a and rsv-b combined",0,"copies/g dry sludge",1100,"no",550,NA,0,"pepper mild mottle virus",498542201.07463,"copies/g dry sludge",66.1,"bcov vaccine","dewatered solids",4,2026-07-24 11:01:00,2026
"77",77,77,398,"row-7shv~twgq-k2j7","rv-8spa-3vap_dht5",2026-07-24 15:01:50.227,2026-07-24 15:01:50.227,"e57e1b60a8bd04f6b4313dcec5f70e79",1965,"vt","WastewaterSCAN",50007,"Chittenden",30000,"2e74cc260ad3df80cf2e06bed79ffc48",2026-03-23,"grab","primary sludge","wwtp",NA,"none","no","ddpcr","chemagic viral dna/rna 300 kit",1,"not tested",NA,"no","rsv","rsv-a and rsv-b combined",37488.93804,"copies/g dry sludge",1100,"yes",37488.93804,NA,0.00016,"pepper mild mottle virus",232495961.12593,"copies/g dry sludge",161.5,"bcov vaccine","dewatered solids",4,2026-07-24 11:01:00,2026
"78",78,78,403,"row-q7t4_dx5i.epms","rv-4rpk_cwdw-eqw7",2026-07-24 15:01:50.227,2026-07-24 15:01:50.227,"fb7a6052c9e4e860ada9948602543768",1965,"vt","WastewaterSCAN",50007,"Chittenden",30000,"6549fa7b582de001c45b905a03380652",2026-04-13,"grab","primary sludge","wwtp",NA,"none","no","ddpcr","chemagic viral dna/rna 300 kit",1,"not tested",NA,"no","rsv","rsv-a and rsv-b combined",22373.98514,"copies/g dry sludge",1100,"yes",22373.98514,NA,7e-05,"pepper mild mottle virus",319296543.71681,"copies/g dry sludge",108.8,"bcov vaccine","dewatered solids",4,2026-07-24 11:01:00,2026
"79",79,79,406,"row-tunt_f3tb~yxbm","rv-nf94~nyng.36s6",2026-07-24 15:01:50.227,2026-07-24 15:01:50.227,"56250235449218e30813a61f22f86623",1967,"vt","CDC_Verily",50007,"Chittenden",25000,"e8489b58c344dd585abfd54d1d7d03d0",2026-03-10,"24-hr flow-weighted composite","post grit removal","wwtp",0,"ceres nanotrap","no","ddpcr","thermo magmax viral/pathogen nucleic acid isolation kit",2,"no","no","no","rsv","rsv-a and rsv-b combined",4498.80766,"copies/l wastewater",1500,"yes",4498.80766,NA,7e-05,"pepper mild mottle virus",66992830.72,"copies/l wastewater",160.2,"bcov vaccine","clarified sample",5,2026-07-24 11:01:00,2026
"80",80,80,415,"row-tmqh~5swd~z49r","rv-ncgw.8mub~5nd5",2026-07-24 15:01:50.227,2026-07-24 15:01:50.227,"c99f772e3f44a5c7916d0ee6f81d3af5",1975,"vt","WastewaterSCAN",50023,"Washington",10100,"079356e20aaa1866ccedac4ac9e66498",2026-05-04,"grab","primary sludge","wwtp",NA,"none","no","ddpcr","chemagic viral dna/rna 300 kit",1,"not tested",NA,"no","rsv","rsv-a and rsv-b combined",28058.10821,"copies/g dry sludge",1100,"yes",28058.10821,NA,0.00016,"pepper mild mottle virus",175533560.8062,"copies/g dry sludge",96.8,"bcov vaccine","dewatered solids",4,2026-07-24 11:01:00,2026
"81",81,81,419,"row-nna7~2vv5_saqm","rv-vb5g.3sg7-etbs",2026-07-24 15:01:50.227,2026-07-24 15:01:50.227,"5bb9df5e9d3bf61ba9b4d5aef1c1a033",1975,"vt","WastewaterSCAN",50023,"Washington",10100,"de0a03ea1fdef1599bd53d26deed2baa",2026-01-13,"grab","primary sludge","wwtp",NA,"none","no","ddpcr","chemagic viral dna/rna 300 kit",1,"not tested",NA,"no","rsv","rsv-a and rsv-b combined",14409.34574,"copies/g dry sludge",1100,"yes",14409.34574,NA,6e-05,"pepper mild mottle virus",249627365.63522,"copies/g dry sludge",131.8,"bcov vaccine","dewatered solids",4,2026-07-24 11:01:00,2026
"82",82,82,420,"row-jphr-r5r7~48h3","rv-6e64-29wk~m4sv",2026-07-24 15:01:50.227,2026-07-24 15:01:50.227,"c4e0971f3fc441b672c9fa928f617764",1966,"vt","WastewaterSCAN",50007,"Chittenden",16000,"5e4dd935bdfb1b0346372c368e50c6a6",2026-01-13,"24-hr time-weighted composite","post grit removal","wwtp",NA,"none","no","ddpcr","chemagic viral dna/rna 300 kit",1,"not tested",NA,"no","rsv","rsv-a and rsv-b combined",0,"copies/g dry sludge",1100,"no",550,NA,1e-05,"pepper mild mottle virus",49288067.51712,"copies/g dry sludge",121.6,"bcov vaccine","dewatered solids",4,2026-07-24 11:01:00,2026
"83",83,83,423,"row-gnbk~zsms.9ajm","rv-j9fe-e66g~y8h6",2026-07-24 15:01:50.227,2026-07-24 15:01:50.227,"3847469fce8e6a06ad2b6286aedd0182",1975,"vt","WastewaterSCAN",50023,"Washington",10100,"09b45aab189c3eff5b7973b93b316958",2026-03-23,"grab","primary sludge","wwtp",NA,"none","no","ddpcr","chemagic viral dna/rna 300 kit",1,"not tested",NA,"no","rsv","rsv-a and rsv-b combined",76355.07104,"copies/g dry sludge",1100,"yes",76355.07104,NA,0.00022,"pepper mild mottle virus",346581550.88889,"copies/g dry sludge",123.3,"bcov vaccine","dewatered solids",4,2026-07-24 11:01:00,2026
"84",84,84,424,"row-bwu6-pznz.6mcr","rv-c8w9.dx2b.7488",2026-07-24 15:01:50.227,2026-07-24 15:01:50.227,"ff5c3bd75773b154d8287e9d810b8248",1975,"vt","WastewaterSCAN",50023,"Washington",10100,"bbe9fc66bb4f8fd8d647cf7faa609b5d",2026-03-30,"grab","primary sludge","wwtp",NA,"none","no","ddpcr","chemagic viral dna/rna 300 kit",1,"not tested",NA,"no","rsv","rsv-a and rsv-b combined",104752.59564,"copies/g dry sludge",1100,"yes",104752.59564,NA,3e-04,"pepper mild mottle virus",349189278.20561,"copies/g dry sludge",118.7,"bcov vaccine","dewatered solids",4,2026-07-24 11:01:00,2026
"85",85,85,428,"row-jcxu-q3ze-6en2","rv-g3c6-v22f~xc25",2026-07-24 15:01:50.227,2026-07-24 15:01:50.227,"6211a410f99f60e9ae2181636221318d",1975,"vt","WastewaterSCAN",50023,"Washington",10100,"c4e562f7e6c5f637a2db81e44217716f",2026-07-06,"grab","primary sludge","wwtp",NA,"none","no","ddpcr","chemagic viral dna/rna 300 kit",1,"not tested",NA,"no","rsv","rsv-a and rsv-b combined",0,"copies/g dry sludge",1100,"no",550,NA,0,"pepper mild mottle virus",229171501.61569,"copies/g dry sludge",134.5,"bcov vaccine","dewatered solids",4,2026-07-24 11:01:00,2026
"86",86,86,438,"row-xgx2_3swh.5buj","rv-qusz.avvk-thg5",2026-07-24 15:01:50.227,2026-07-24 15:01:50.227,"715244039a7a0f97aa7afe423d636e76",1965,"vt","WastewaterSCAN",50007,"Chittenden",30000,"931dc19584be81ba2ec94d176fd409e2",2026-07-10,"grab","primary sludge","wwtp",NA,"none","no","ddpcr","chemagic viral dna/rna 300 kit",1,"not tested",NA,"no","rsv","rsv-a and rsv-b combined",0,"copies/g dry sludge",1100,"no",550,NA,0,"pepper mild mottle virus",446861114.81733,"copies/g dry sludge",78.4,"bcov vaccine","dewatered solids",4,2026-07-24 11:01:00,2026
"87",87,87,439,"row-q4t2~r3n4-aeun","rv-qzdb-stcw-u2wp",2026-07-24 15:01:50.227,2026-07-24 15:01:50.227,"099259b0b991f3b1ba999c1ca1b735fc",1965,"vt","WastewaterSCAN",50007,"Chittenden",30000,"5346f50fb5f0ddfc7b1e69be1b0fd144",2026-03-04,"grab","primary sludge","wwtp",NA,"none","no","ddpcr","chemagic viral dna/rna 300 kit",1,"not tested",NA,"no","rsv","rsv-a and rsv-b combined",34136.25795,"copies/g dry sludge",1100,"yes",34136.25795,NA,7e-05,"pepper mild mottle virus",457820705.23416,"copies/g dry sludge",118.4,"bcov vaccine","dewatered solids",4,2026-07-24 11:01:00,2026
"88",88,88,441,"row-73t5.cs47_m5qp","rv-264z.vusg-fx56",2026-07-24 15:01:50.227,2026-07-24 15:01:50.227,"e0d237753085be76c499bd382f79d7ba",1966,"vt","WastewaterSCAN",50007,"Chittenden",16000,"775a2c711799555900de52d77c7e76ae",2026-01-20,"24-hr time-weighted composite","post grit removal","wwtp",NA,"none","no","ddpcr","chemagic viral dna/rna 300 kit",1,"not tested",NA,"no","rsv","rsv-a and rsv-b combined",0,"copies/g dry sludge",1100,"no",550,NA,1e-05,"pepper mild mottle virus",71914458.69474,"copies/g dry sludge",118.1,"bcov vaccine","dewatered solids",4,2026-07-24 11:01:00,2026
"89",89,89,446,"row-n87v-5rak-u3rk","rv-tj4r.af85_yda9",2026-07-24 15:01:50.227,2026-07-24 15:01:50.227,"14bf8eedd7f7d0287babc57cdc95019a",1965,"vt","WastewaterSCAN",50007,"Chittenden",30000,"c3e17ee847d690915e9a8f7d2391e036",2026-01-26,"grab","primary sludge","wwtp",NA,"none","no","ddpcr","chemagic viral dna/rna 300 kit",1,"not tested",NA,"no","rsv","rsv-a and rsv-b combined",31599.59259,"copies/g dry sludge",1100,"yes",31599.59259,NA,8e-05,"pepper mild mottle virus",388200627.49425,"copies/g dry sludge",164.5,"bcov vaccine","dewatered solids",4,2026-07-24 11:01:00,2026
"90",90,90,447,"row-m8xd~g9ap-evhk","rv-26yj.ywgt_rf7c",2026-07-24 15:01:50.227,2026-07-24 15:01:50.227,"df956129bcd8231eb6fc6fcb370df605",1965,"vt","WastewaterSCAN",50007,"Chittenden",30000,"464d3ae5756927151f02f0bb22e5cbad",2026-02-27,"grab","primary sludge","wwtp",NA,"none","no","ddpcr","chemagic viral dna/rna 300 kit",1,"not tested",NA,"no","rsv","rsv-a and rsv-b combined",20777.49386,"copies/g dry sludge",1100,"yes",20777.49386,NA,0.00012,"pepper mild mottle virus",175188946.49462,"copies/g dry sludge",75.2,"bcov vaccine","dewatered solids",4,2026-07-24 11:01:00,2026
"91",91,91,452,"row-ueti~s4dz~qfhr","rv-piep-838x-9buy",2026-07-24 15:01:50.227,2026-07-24 15:01:50.227,"36677ed3decea4768509bb5b37a149a6",1965,"vt","WastewaterSCAN",50007,"Chittenden",30000,"6604a11eff823564192922fbae2ada5e",2026-03-02,"grab","primary sludge","wwtp",NA,"none","no","ddpcr","chemagic viral dna/rna 300 kit",1,"not tested",NA,"no","rsv","rsv-a and rsv-b combined",47164.00345,"copies/g dry sludge",1100,"yes",47164.00345,NA,8e-05,"pepper mild mottle virus",605350232.93897,"copies/g dry sludge",119.6,"bcov vaccine","dewatered solids",4,2026-07-24 11:01:00,2026
"92",92,92,458,"row-e3wx~iqxj-mkvp","rv-avnk~ecdc_y6jg",2026-07-24 15:01:50.227,2026-07-24 15:01:50.227,"20a7a8ec370e988e1f0dbc5d5b842792",1966,"vt","WastewaterSCAN",50007,"Chittenden",16000,"7ed9e772206ff20e17e0ec86a050c497",2026-02-03,"24-hr time-weighted composite","post grit removal","wwtp",NA,"none","no","ddpcr","chemagic viral dna/rna 300 kit",1,"not tested",NA,"no","rsv","rsv-a and rsv-b combined",19003.2721,"copies/g dry sludge",1100,"yes",19003.2721,NA,8e-05,"pepper mild mottle virus",224609375.0303,"copies/g dry sludge",128.5,"bcov vaccine","dewatered solids",4,2026-07-24 11:01:00,2026
"93",93,93,463,"row-adxi.2ycv.9vg4","rv-j4gb~txp7-ypmf",2026-07-24 15:01:50.227,2026-07-24 15:01:50.227,"c0e903ab9fdfbdf46ec084efd2c4c248",1976,"vt","CDC_Verily",50027,"Windsor",6000,"582a306a385ab7d4323d67c2c6b0fd7b",2026-03-10,"grab","raw wastewater","wwtp",0.35,"ceres nanotrap","no","ddpcr","thermo magmax viral/pathogen nucleic acid isolation kit",2,"no","no","no","rsv","rsv-a and rsv-b combined",9880.98412,"copies/l wastewater",1500,"yes",9880.98412,2181869.50854,0.00042,"pepper mild mottle virus",23324876.05169,"copies/l wastewater",61.5,"bcov vaccine","clarified sample",5,2026-07-24 11:01:00,2026
"94",94,94,477,"row-czyz~6e9y.3rvj","rv-8cmv_r76k~ge7x",2026-07-24 15:01:50.227,2026-07-24 15:01:50.227,"7a2adf9d902b93b2a916720410b965a7",2350,"vt","CDC_Verily",50001,"Addison",9000,"081a252c75ebc6d54a280a2024c40cf9",2026-03-26,"24-hr flow-weighted composite","raw wastewater","wwtp",1,"ceres nanotrap","no","ddpcr","thermo magmax viral/pathogen nucleic acid isolation kit",2,"no","no","no","rsv","rsv-a and rsv-b combined",5019.19967,"copies/l wastewater",1500,"yes",5019.19967,2111075.38176,0.00017,"pepper mild mottle virus",28738600.51692,"copies/l wastewater",61.3,"bcov vaccine","clarified sample",5,2026-07-24 11:01:00,2026
"95",95,95,488,"row-8vrh_hq2k-pd3w","rv-cvjy_eutf_3ex5",2026-07-24 15:01:50.227,2026-07-24 15:01:50.227,"990140ba2ab955575df46d606351f8c4",1976,"vt","CDC_Verily",50027,"Windsor",6000,"bb0b8d4a0c448e131c0e5df01fdcecef",2026-03-02,"grab","raw wastewater","wwtp",0.35,"ceres nanotrap","no","ddpcr","thermo magmax viral/pathogen nucleic acid isolation kit",2,"no","no","no","rsv","rsv-a and rsv-b combined",6167.2426,"copies/l wastewater",1500,"yes",6167.2426,1361819.67525,0.00044,"pepper mild mottle virus",13876887.39446,"copies/l wastewater",38.6,"bcov vaccine","clarified sample",5,2026-07-24 11:01:00,2026
"96",96,96,495,"row-vhjm~ubus_dseg","rv-r4xz-pb5m-ncj3",2026-07-24 15:01:50.227,2026-07-24 15:01:50.227,"e689aa6996892313053c9e50547b6a37",1976,"vt","CDC_Verily",50027,"Windsor",6000,"22086fb0de8623da352e75a64306762d",2026-01-12,"grab","raw wastewater","wwtp",0.35,"ceres nanotrap","no","ddpcr","thermo magmax viral/pathogen nucleic acid isolation kit",2,"no","no","no","rsv","rsv-a and rsv-b combined",0,"copies/l wastewater",1500,"no",750,165611.25,0.00081,"pepper mild mottle virus",931291.21329,"copies/l wastewater",10.2,"bcov vaccine","clarified sample",5,2026-07-24 11:01:00,2026
"97",97,97,502,"row-f77v_59gt.g7cr","rv-nmbh_augh-jphx",2026-07-24 15:01:50.227,2026-07-24 15:01:50.227,"a4a5ca9e7cf3edcee15186486cb36006",1976,"vt","CDC_Verily",50027,"Windsor",6000,"e57375bbdfb6a20b9639d8f6469b61e6",2026-05-26,"grab","raw wastewater","wwtp",0.35,"ceres nanotrap","no","ddpcr","thermo magmax viral/pathogen nucleic acid isolation kit",2,"no","no","no","rsv","rsv-a and rsv-b combined",0,"copies/l wastewater",1500,"no",750,165611.25,0.00025,"pepper mild mottle virus",3055561.35877,"copies/l wastewater",49.4,"bcov vaccine","clarified sample",5,2026-07-24 11:01:00,2026
"98",98,98,511,"row-6wn7.bfee-styg","rv-dt23.279x-btge",2026-07-24 15:01:50.227,2026-07-24 15:01:50.227,"9ebe64bfd86e0683966ad5fa8c127105",2350,"vt","CDC_Verily",50001,"Addison",9000,"8ccdefbb837bf53cb385f3a1c5bb2733",2026-05-14,"24-hr flow-weighted composite","raw wastewater","wwtp",1,"ceres nanotrap","no","ddpcr","thermo magmax viral/pathogen nucleic acid isolation kit",2,"no","no","no","rsv","rsv-a and rsv-b combined",3334.35218,"copies/l wastewater",1500,"yes",3334.35218,1402428.52521,5e-05,"pepper mild mottle virus",60763845.58769,"copies/l wastewater",100,"bcov vaccine","clarified sample",5,2026-07-24 11:01:00,2026
"99",99,99,513,"row-vmkx-gt26-65px","rv-9n8u~2xue_m5vb",2026-07-24 15:01:50.227,2026-07-24 15:01:50.227,"823ddee5f26031c4a884904812cfa938",2350,"vt","CDC_Verily",50001,"Addison",9000,"826584be182966e641cb3737cdc25210",2026-02-19,"24-hr flow-weighted composite","raw wastewater","wwtp",1,"ceres nanotrap","no","ddpcr","thermo magmax viral/pathogen nucleic acid isolation kit",2,"no","no","no","rsv","rsv-a and rsv-b combined",2027.79012,"copies/l wastewater",1500,"yes",2027.79012,852888.52382,4e-05,"pepper mild mottle virus",55712195.76615,"copies/l wastewater",74.7,"bcov vaccine","clarified sample",5,2026-07-24 11:01:00,2026
"100",100,100,519,"row-t2qn_yt69-249p","rv-8x2s-354m.x7iv",2026-07-24 15:01:50.227,2026-07-24 15:01:50.227,"1eefc502765066898ca1bb7ac8a74ffd",2350,"vt","CDC_Verily",50001,"Addison",9000,"593c47abe9c8045dde5dd8b823a30e61",2026-06-02,"24-hr flow-weighted composite","raw wastewater","wwtp",1,"ceres nanotrap","no","ddpcr","thermo magmax viral/pathogen nucleic acid isolation kit",2,"no","no","no","rsv","rsv-a and rsv-b combined",0,"copies/l wastewater",1500,"no",750,315450,2e-05,"pepper mild mottle virus",30995192.32,"copies/l wastewater",129.1,"bcov vaccine","clarified sample",5,2026-07-24 11:01:00,2026
"101",101,101,524,"row-zi7a.thew~qsh6","rv-gurp_gbzg-6n3n",2026-07-24 15:01:50.227,2026-07-24 15:01:50.227,"85f6c145d06b55eca6bfcbc24bd7e57d",1976,"vt","CDC_Verily",50027,"Windsor",6000,"5aa1e4bb86845e23144a47f54805b731",2026-05-18,"grab","raw wastewater","wwtp",0.35,"ceres nanotrap","no","ddpcr","thermo magmax viral/pathogen nucleic acid isolation kit",2,"no","no","no","rsv","rsv-a and rsv-b combined",0,"copies/l wastewater",1500,"no",750,165611.25,0.00017,"pepper mild mottle virus",4477577.504,"copies/l wastewater",14.3,"bcov vaccine","clarified sample",5,2026-07-24 11:01:00,2026
"102",102,102,525,"row-cah7-zfts.82rz","rv-pd2z~v4q8_js3q",2026-07-24 15:01:50.227,2026-07-24 15:01:50.227,"c4e84d779459b1185b2c411883482363",1976,"vt","CDC_Verily",50027,"Windsor",6000,"ed7cdc9fb28457843e20b2730064bff5",2026-05-12,"grab","raw wastewater","wwtp",0.35,"ceres nanotrap","no","ddpcr","thermo magmax viral/pathogen nucleic acid isolation kit",2,"no","no","no","rsv","rsv-a and rsv-b combined",0,"copies/l wastewater",1500,"no",750,165611.25,4e-05,"pepper mild mottle virus",20252887.43138,"copies/l wastewater",44.3,"bcov vaccine","clarified sample",5,2026-07-24 11:01:00,2026
"103",103,103,528,"row-juhf_ruf9.zj6e","rv-zgk9-bbr4_tt39",2026-07-24 15:01:50.227,2026-07-24 15:01:50.227,"c10ce149e729570369fbe01f14a9aa0e",2350,"vt","CDC_Verily",50001,"Addison",9000,"1541af111d08d0af65513e39a66a859f",2026-04-14,"24-hr flow-weighted composite","raw wastewater","wwtp",1,"ceres nanotrap","no","ddpcr","thermo magmax viral/pathogen nucleic acid isolation kit",2,"no","no","no","rsv","rsv-a and rsv-b combined",0,"copies/l wastewater",1500,"no",750,315450,2e-05,"pepper mild mottle virus",38979187.00308,"copies/l wastewater",128.3,"bcov vaccine","clarified sample",5,2026-07-24 11:01:00,2026
"104",104,104,532,"row-hp5y_s7hg.d29n","rv-2f6n-acrk-pvk5",2026-07-24 15:01:50.227,2026-07-24 15:01:50.227,"8dc0ca352d282bdfc8b1dcee434d05dc",2350,"vt","CDC_Verily",50001,"Addison",9000,"bf5ff7e6c8159d91c1d8b6e6e5836b25",2026-03-24,"24-hr flow-weighted composite","raw wastewater","wwtp",1,"ceres nanotrap","no","ddpcr","thermo magmax viral/pathogen nucleic acid isolation kit",2,"no","no","no","rsv","rsv-a and rsv-b combined",6178.13679,"copies/l wastewater",1500,"yes",6178.13679,2598524.33198,0.00018,"pepper mild mottle virus",34967717.09538,"copies/l wastewater",198,"bcov vaccine","clarified sample",5,2026-07-24 11:01:00,2026
"105",105,105,537,"row-rqkf_np72_qw4t","rv-cqm2-urfc_9v7r",2026-07-24 15:01:50.227,2026-07-24 15:01:50.227,"080c97227fa414d22575e837ca8c40d3",1976,"vt","CDC_Verily",50027,"Windsor",6000,"82292c890989b90538ca4dd443b5ab24",2026-01-05,"grab","raw wastewater","wwtp",0.35,"ceres nanotrap","no","ddpcr","thermo magmax viral/pathogen nucleic acid isolation kit",2,"no","no","no","rsv","rsv-a and rsv-b combined",0,"copies/l wastewater",1500,"no",750,165611.25,5e-05,"pepper mild mottle virus",13720056.38646,"copies/l wastewater",41,"bcov vaccine","clarified sample",5,2026-07-24 11:01:00,2026
"106",106,106,539,"row-vwud_bmg6_sj5q","rv-4m8d-hdy4.8suh",2026-07-24 15:01:50.227,2026-07-24 15:01:50.227,"1ad4991e8a1a6b34e8e8b167c3449ada",1976,"vt","CDC_Verily",50027,"Windsor",6000,"eafceaa0240d66dd6847f5abc6ad971f",2026-02-24,"grab","raw wastewater","wwtp",0.35,"ceres nanotrap","no","ddpcr","thermo magmax viral/pathogen nucleic acid isolation kit",2,"no","no","no","rsv","rsv-a and rsv-b combined",6267.22398,"copies/l wastewater",1500,"yes",6267.22398,1383897.06412,1e-04,"pepper mild mottle virus",62245929.42769,"copies/l wastewater",46.9,"bcov vaccine","clarified sample",5,2026-07-24 11:01:00,2026
"107",107,107,545,"row-7aev-nzg2-v4xk","rv-75b7~3kkj_yy84",2026-07-24 15:01:50.227,2026-07-24 15:01:50.227,"e8af85516badae49f76ce691972bb7a2",1976,"vt","CDC_Verily",50027,"Windsor",6000,"afba4a476763db6f152c85385281ff76",2026-01-27,"grab","raw wastewater","wwtp",0.35,"ceres nanotrap","no","ddpcr","thermo magmax viral/pathogen nucleic acid isolation kit",2,"no","no","no","rsv","rsv-a and rsv-b combined",0,"copies/l wastewater",1500,"no",750,165611.25,0,"pepper mild mottle virus",166007587.15077,"copies/l wastewater",74.2,"bcov vaccine","clarified sample",5,2026-07-24 11:01:00,2026
"108",108,108,551,"row-yf8b.hgde-74uh","rv-grt4-y7f2_t9c4",2026-07-24 15:01:50.227,2026-07-24 15:01:50.227,"d74aeed2abc431b5b1b9829840516479",2350,"vt","CDC_Verily",50001,"Addison",9000,"74bf9cc833b2f5cabd53467690f97c50",2026-03-19,"24-hr flow-weighted composite","raw wastewater","wwtp",1,"ceres nanotrap","no","ddpcr","thermo magmax viral/pathogen nucleic acid isolation kit",2,"no","no","no","rsv","rsv-a and rsv-b combined",1376.4373,"copies/l wastewater",1500,"no",750,315450,2e-05,"pepper mild mottle virus",32249049.25538,"copies/l wastewater",87.4,"bcov vaccine","clarified sample",5,2026-07-24 11:01:00,2026
"109",109,109,555,"row-aumi.387g-s964","rv-i8d9~krmp~2t49",2026-07-24 15:01:50.227,2026-07-24 15:01:50.227,"1bbf452e5bb1feb4a9f53fe263e8a0d4",2350,"vt","CDC_Verily",50001,"Addison",9000,"5b2afea77482016dfd98c1c9a5c26aca",2026-03-12,"24-hr flow-weighted composite","raw wastewater","wwtp",1,"ceres nanotrap","no","ddpcr","thermo magmax viral/pathogen nucleic acid isolation kit",2,"no","no","no","rsv","rsv-a and rsv-b combined",0,"copies/l wastewater",1500,"no",750,315450,5e-05,"pepper mild mottle virus",15387216.42092,"copies/l wastewater",43.2,"bcov vaccine","clarified sample",5,2026-07-24 11:01:00,2026
"110",110,110,569,"row-ycw9-fjuz~8zfq","rv-t28a.gazb-2wz7",2026-07-24 15:01:50.227,2026-07-24 15:01:50.227,"b8f23ab9781f48beadc853034b5ff7d1",2350,"vt","CDC_Verily",50001,"Addison",9000,"7a6edfe4b1ef70406c5f99be0e211e1b",2026-04-21,"24-hr flow-weighted composite","raw wastewater","wwtp",1,"ceres nanotrap","no","ddpcr","thermo magmax viral/pathogen nucleic acid isolation kit",2,"no","no","no","rsv","rsv-a and rsv-b combined",2111.7102,"copies/l wastewater",1500,"yes",2111.7102,888185.31179,7e-05,"pepper mild mottle virus",31865579.44615,"copies/l wastewater",102.2,"bcov vaccine","clarified sample",5,2026-07-24 11:01:00,2026
"111",111,111,570,"row-ecfe.rfkc~3nam","rv-njru~vj3e.93um",2026-07-24 15:01:50.227,2026-07-24 15:01:50.227,"c3fbe4e0c54284da8da9a9f03299dbe7",1976,"vt","CDC_Verily",50027,"Windsor",6000,"148bd6d4e79fcac8292b70c885d79a69",2026-06-02,"grab","raw wastewater","wwtp",0.35,"ceres nanotrap","no","ddpcr","thermo magmax viral/pathogen nucleic acid isolation kit",2,"no","no","no","rsv","rsv-a and rsv-b combined",0,"copies/l wastewater",1500,"no",750,165611.25,2e-05,"pepper mild mottle virus",37911736.12308,"copies/l wastewater",74.3,"bcov vaccine","clarified sample",5,2026-07-24 11:01:00,2026
"112",112,112,573,"row-i2um~rm8r.qab8","rv-m6cx-fbsn_kszh",2026-07-24 15:01:50.227,2026-07-24 15:01:50.227,"aafcfbe2f6f1b1dd0fe04364796aed67",1976,"vt","CDC_Verily",50027,"Windsor",6000,"da079a6bc4d9a37d27fd9873053b13b7",2026-04-20,"grab","raw wastewater","wwtp",0.35,"ceres nanotrap","no","ddpcr","thermo magmax viral/pathogen nucleic acid isolation kit",2,"no","no","no","rsv","rsv-a and rsv-b combined",0,"copies/l wastewater",1500,"no",750,165611.25,0.00201,"pepper mild mottle virus",372615.11729,"copies/l wastewater",15,"bcov vaccine","clarified sample",5,2026-07-24 11:01:00,2026
"113",113,113,576,"row-7uun_9raw.pbq8","rv-sc4h-7q3p_pzm9",2026-07-24 15:01:50.227,2026-07-24 15:01:50.227,"6f5cb084d74ef5f10b5e4b6a67c6d8cb",1966,"vt","WastewaterSCAN",50007,"Chittenden",16000,"ecff0a902ddd0a4c93c3de8e73f660d4",2026-06-30,"24-hr time-weighted composite","post grit removal","wwtp",NA,"none","no","ddpcr","chemagic viral dna/rna 300 kit",1,"not tested",NA,"no","rsv","rsv-a and rsv-b combined",0,"copies/g dry sludge",1100,"no",550,NA,1e-05,"pepper mild mottle virus",101475237.41449,"copies/g dry sludge",150.7,"bcov vaccine","dewatered solids",4,2026-07-24 11:01:00,2026
"114",114,114,579,"row-z6jy-imnw_dwn3","rv-tk6n-gcwk_n96t",2026-07-24 15:01:50.227,2026-07-24 15:01:50.227,"d84543ba6f7fa0cb509f970f1607d91d",1975,"vt","WastewaterSCAN",50023,"Washington",10100,"d2e503398edfda1ff4d36b2c0c45dd71",2026-01-08,"grab","primary sludge","wwtp",NA,"none","no","ddpcr","chemagic viral dna/rna 300 kit",1,"not tested",NA,"no","rsv","rsv-a and rsv-b combined",3018.90491,"copies/g dry sludge",1100,"yes",3018.90491,NA,2e-05,"pepper mild mottle virus",178030287.26241,"copies/g dry sludge",216.8,"bcov vaccine","dewatered solids",4,2026-07-24 11:01:00,2026
"115",115,115,581,"row-zffu~65ku~86v4","rv-efx8.nr6b.k3e2",2026-07-24 15:01:50.227,2026-07-24 15:01:50.227,"e262fc279ae188622a2aad1bf941c73b",1965,"vt","WastewaterSCAN",50007,"Chittenden",30000,"763b64343063f1524e5d072df142ba55",2026-06-19,"grab","primary sludge","wwtp",NA,"none","no","ddpcr","chemagic viral dna/rna 300 kit",1,"not tested",NA,"no","rsv","rsv-a and rsv-b combined",0,"copies/g dry sludge",1100,"no",550,NA,0,"pepper mild mottle virus",170589221.27719,"copies/g dry sludge",73.3,"bcov vaccine","dewatered solids",4,2026-07-24 11:01:00,2026
"116",116,116,607,"row-yr57-7v7a~hsbj","rv-k8yg-3hf9-47v2",2026-07-24 15:01:50.227,2026-07-24 15:01:50.227,"0d24d1b1e6532c9c40931a4f9c577343",1965,"vt","WastewaterSCAN",50007,"Chittenden",30000,"0a3b75de07ac96b1e9270471d5c967a3",2026-01-07,"grab","primary sludge","wwtp",NA,"none","no","ddpcr","chemagic viral dna/rna 300 kit",1,"not tested",NA,"no","rsv","rsv-a and rsv-b combined",14464.24089,"copies/g dry sludge",1100,"yes",14464.24089,NA,4e-05,"pepper mild mottle virus",365077582.45926,"copies/g dry sludge",110.8,"bcov vaccine","dewatered solids",4,2026-07-24 11:01:00,2026
"117",117,117,613,"row-5qt2~8u8c_kt7n","rv-pxdg~iix5_j3jb",2026-07-24 15:01:50.227,2026-07-24 15:01:50.227,"9552d0ed740ed8af187df0b85380b5a0",1975,"vt","WastewaterSCAN",50023,"Washington",10100,"87ae1d129d80647756c833172873aaeb",2026-02-10,"grab","primary sludge","wwtp",NA,"none","no","ddpcr","chemagic viral dna/rna 300 kit",1,"not tested",NA,"no","rsv","rsv-a and rsv-b combined",10830.08566,"copies/g dry sludge",1100,"yes",10830.08566,NA,4e-05,"pepper mild mottle virus",277515574.85714,"copies/g dry sludge",125.7,"bcov vaccine","dewatered solids",4,2026-07-24 11:01:00,2026
"118",118,118,617,"row-4fat_fx97.6igs","rv-prrs_u76a.skw8",2026-07-24 15:01:50.227,2026-07-24 15:01:50.227,"4d89d669338bac89351dbdf33870ef12",1975,"vt","WastewaterSCAN",50023,"Washington",10100,"6ff04c2fd1b1b97a6b1f08f212e90ad5",2026-05-18,"grab","primary sludge","wwtp",NA,"none","no","ddpcr","chemagic viral dna/rna 300 kit",1,"not tested",NA,"no","rsv","rsv-a and rsv-b combined",7247.32226,"copies/g dry sludge",1100,"yes",7247.32226,NA,3e-05,"pepper mild mottle virus",254765694.27518,"copies/g dry sludge",134,"bcov vaccine","dewatered solids",4,2026-07-24 11:01:00,2026
"119",119,119,621,"row-c3g9-pwwv.jnw2","rv-a72n-zeb7~8cke",2026-07-24 15:01:50.227,2026-07-24 15:01:50.227,"6e4e87aeb68852c10989e4c596eceb49",1975,"vt","WastewaterSCAN",50023,"Washington",10100,"061cb736a34f1b75df9a88aeb5ca1c01",2026-06-23,"grab","primary sludge","wwtp",NA,"none","no","ddpcr","chemagic viral dna/rna 300 kit",1,"not tested",NA,"no","rsv","rsv-a and rsv-b combined",0,"copies/g dry sludge",1100,"no",550,NA,0,"pepper mild mottle virus",315565948.9146,"copies/g dry sludge",130.9,"bcov vaccine","dewatered solids",4,2026-07-24 11:01:00,2026
"120",120,120,643,"row-x7d3_jaag~vyvt","rv-k89j~rqt8~mju8",2026-07-24 15:01:50.227,2026-07-24 15:01:50.227,"87561327a54f0af49f50795eb62de8de",1975,"vt","WastewaterSCAN",50023,"Washington",10100,"ca75ff7215b4efa670d2121d82ead1c4",2026-06-09,"grab","primary sludge","wwtp",NA,"none","no","ddpcr","chemagic viral dna/rna 300 kit",1,"not tested",NA,"no","rsv","rsv-a and rsv-b combined",0,"copies/g dry sludge",1100,"no",550,NA,0,"pepper mild mottle virus",256435652.06349,"copies/g dry sludge",98.9,"bcov vaccine","dewatered solids",4,2026-07-24 11:01:00,2026
"121",121,121,648,"row-k7es-tuk7_53kj","rv-34b5_crh8-e5p6",2026-07-24 15:01:50.227,2026-07-24 15:01:50.227,"04f6e511d6721dd27e0bc3a7773b1bbe",1965,"vt","WastewaterSCAN",50007,"Chittenden",30000,"31f0274d0106da23c5f6d88491a0fcd7",2026-04-06,"grab","primary sludge","wwtp",NA,"none","no","ddpcr","chemagic viral dna/rna 300 kit",1,"not tested",NA,"no","rsv","rsv-a and rsv-b combined",55519.75642,"copies/g dry sludge",1100,"yes",55519.75642,NA,0.00015,"pepper mild mottle virus",382046887.1405,"copies/g dry sludge",124.5,"bcov vaccine","dewatered solids",4,2026-07-24 11:01:00,2026
"122",122,122,663,"row-22th-8mdg_rfmf","rv-fwhd.4hjw_qh6a",2026-07-24 15:01:50.227,2026-07-24 15:01:50.227,"57b679893a3afb8114d93e3fd6c353ac",1966,"vt","WastewaterSCAN",50007,"Chittenden",16000,"e27399046952748203a9e59fd7e950f4",2026-04-02,"24-hr time-weighted composite","post grit removal","wwtp",NA,"none","no","ddpcr","chemagic viral dna/rna 300 kit",1,"not tested",NA,"no","rsv","rsv-a and rsv-b combined",32986.73291,"copies/g dry sludge",1100,"yes",32986.73291,NA,0.00011,"pepper mild mottle virus",293366244.0132,"copies/g dry sludge",144.2,"bcov vaccine","dewatered solids",4,2026-07-24 11:01:00,2026
"123",123,123,664,"row-8x5n_mrin~cgfb","rv-6cer_mg3b.wgjj",2026-07-24 15:01:50.227,2026-07-24 15:01:50.227,"37c52c3b17638bf12a2521516685b342",1975,"vt","WastewaterSCAN",50023,"Washington",10100,"6ed18eb31bc9287db1fcb0b5a2ac124c",2026-05-07,"grab","primary sludge","wwtp",NA,"none","no","ddpcr","chemagic viral dna/rna 300 kit",1,"not tested",NA,"no","rsv","rsv-a and rsv-b combined",33948.67344,"copies/g dry sludge",1100,"yes",33948.67344,NA,0.00011,"pepper mild mottle virus",297039445.25,"copies/g dry sludge",94.8,"bcov vaccine","dewatered solids",4,2026-07-24 11:01:00,2026
"124",124,124,673,"row-yyba-2g9b-48gg","rv-35p3.hkx6.j7z9",2026-07-24 15:01:50.227,2026-07-24 15:01:50.227,"cadf17089dfd5c936e6a956828cf9f46",1966,"vt","WastewaterSCAN",50007,"Chittenden",16000,"b69f30e22ad45f8d155e624d62d396ed",2026-01-27,"24-hr time-weighted composite","post grit removal","wwtp",NA,"none","no","ddpcr","chemagic viral dna/rna 300 kit",1,"not tested",NA,"no","rsv","rsv-a and rsv-b combined",64196.53188,"copies/g dry sludge",1100,"yes",64196.53188,NA,6e-04,"pepper mild mottle virus",106578485.74959,"copies/g dry sludge",170,"bcov vaccine","dewatered solids",4,2026-07-24 11:01:00,2026
"125",125,125,678,"row-wesy~cptj~dgca","rv-hm8d-na9h_mdd8",2026-07-24 15:01:50.227,2026-07-24 15:01:50.227,"9973fd0c27175f2f8362145897b67ecd",1975,"vt","WastewaterSCAN",50023,"Washington",10100,"cd78ddce68bb38afc853a8a6306e59bd",2026-01-29,"grab","primary sludge","wwtp",NA,"none","no","ddpcr","chemagic viral dna/rna 300 kit",1,"not tested",NA,"no","rsv","rsv-a and rsv-b combined",16054.65696,"copies/g dry sludge",1100,"yes",16054.65696,NA,6e-05,"pepper mild mottle virus",262162510.1844,"copies/g dry sludge",307.2,"bcov vaccine","dewatered solids",4,2026-07-24 11:01:00,2026
"126",126,126,681,"row-qzhc.y43q-ej8s","rv-7wz5.4gd3.iqu6",2026-07-24 15:01:50.227,2026-07-24 15:01:50.227,"1ad8658f2921cfdda7d75f356fc5b9db",1967,"vt","CDC_Verily",50007,"Chittenden",25000,"8937e3c21537b260948e3a78a56dc882",2026-05-26,"24-hr flow-weighted composite","post grit removal","wwtp",0,"ceres nanotrap","no","ddpcr","thermo magmax viral/pathogen nucleic acid isolation kit",2,"no","no","no","rsv","rsv-a and rsv-b combined",0,"copies/l wastewater",1500,"no",750,NA,2e-05,"pepper mild mottle virus",34386052.06154,"copies/l wastewater",73.4,"bcov vaccine","clarified sample",5,2026-07-24 11:01:00,2026
"127",127,127,684,"row-s2cp.rnht_e89s","rv-qx2c~9tu2-myns",2026-07-24 15:01:50.227,2026-07-24 15:01:50.227,"64e39979694eb10e1dfc021997f852b8",1966,"vt","WastewaterSCAN",50007,"Chittenden",16000,"598fefde07fa8eb6329a522ff9017c98",2026-03-19,"24-hr time-weighted composite","post grit removal","wwtp",NA,"none","no","ddpcr","chemagic viral dna/rna 300 kit",1,"not tested",NA,"no","rsv","rsv-a and rsv-b combined",63084.95193,"copies/g dry sludge",1100,"yes",63084.95193,NA,0.00016,"pepper mild mottle virus",405441958.59176,"copies/g dry sludge",108.2,"bcov vaccine","dewatered solids",4,2026-07-24 11:01:00,2026
"128",128,128,685,"row-pihy_psm9~uqck","rv-rxxz.69vx~sxb5",2026-07-24 15:01:50.227,2026-07-24 15:01:50.227,"7f4bbe57c7b8502f9b1ccf431d7b9ea3",1965,"vt","WastewaterSCAN",50007,"Chittenden",30000,"d8a8206f3d747e38590852d52372a46c",2026-02-11,"grab","primary sludge","wwtp",NA,"none","no","ddpcr","chemagic viral dna/rna 300 kit",1,"not tested",NA,"no","rsv","rsv-a and rsv-b combined",63168.71467,"copies/g dry sludge",1100,"yes",63168.71467,NA,0.00017,"pepper mild mottle virus",362451903,"copies/g dry sludge",124.3,"bcov vaccine","dewatered solids",4,2026-07-24 11:01:00,2026
"129",129,129,694,"row-xtd7~6vbn-bm47","rv-sb44~39tg-w5hy",2026-07-24 15:01:50.227,2026-07-24 15:01:50.227,"593e415b315269e3c2a6c8b4e9a6fac9",1965,"vt","WastewaterSCAN",50007,"Chittenden",30000,"9df3b3c182aef081fa04d773fb33ea0f",2026-06-22,"grab","primary sludge","wwtp",NA,"none","no","ddpcr","chemagic viral dna/rna 300 kit",1,"not tested",NA,"no","rsv","rsv-a and rsv-b combined",0,"copies/g dry sludge",1100,"no",550,NA,0,"pepper mild mottle virus",158634782.20649,"copies/g dry sludge",109.7,"bcov vaccine","dewatered solids",4,2026-07-24 11:01:00,2026
"130",130,130,700,"row-34g5_3xqd-5qng","rv-5bex.7w4s_q7va",2026-07-24 15:01:50.227,2026-07-24 15:01:50.227,"0ec761d20915d6642985c9e2712d9c41",1975,"vt","WastewaterSCAN",50023,"Washington",10100,"08d30de1baab08a08cdb05c26ec6282d",2026-03-31,"grab","primary sludge","wwtp",NA,"none","no","ddpcr","chemagic viral dna/rna 300 kit",1,"not tested",NA,"no","rsv","rsv-a and rsv-b combined",198703.57866,"copies/g dry sludge",1100,"yes",198703.57866,NA,0.00075,"pepper mild mottle virus",266347639.52511,"copies/g dry sludge",173.5,"bcov vaccine","dewatered solids",4,2026-07-24 11:01:00,2026
"131",131,131,701,"row-w2n4~dshf_pykj","rv-5nqx.rvhk_bz3s",2026-07-24 15:01:50.227,2026-07-24 15:01:50.227,"9267cdc0cdc8cc5f8a65caed082a551e",1965,"vt","WastewaterSCAN",50007,"Chittenden",30000,"ede9cc7dc3f6341ed59517cb00f83161",2026-06-05,"grab","primary sludge","wwtp",NA,"none","no","ddpcr","chemagic viral dna/rna 300 kit",1,"not tested",NA,"no","rsv","rsv-a and rsv-b combined",0,"copies/g dry sludge",1100,"no",550,NA,0,"pepper mild mottle virus",277526455.25683,"copies/g dry sludge",55.1,"bcov vaccine","dewatered solids",4,2026-07-24 11:01:00,2026
"132",132,132,716,"row-y9vn~yd8u~uhcf","rv-4umn~ymj7_r3ic",2026-07-24 15:01:50.227,2026-07-24 15:01:50.227,"ff08c0a389a6e64972c12278d61a451d",1967,"vt","CDC_Verily",50007,"Chittenden",25000,"2b0b5e602b8778e56355f56b3acccd50",2026-07-21,"24-hr flow-weighted composite","post grit removal","wwtp",0,"ceres nanotrap","no","ddpcr","thermo magmax viral/pathogen nucleic acid isolation kit",2,"no","no","no","rsv","rsv-a and rsv-b combined",0,"copies/l wastewater",1500,"no",750,NA,1e-05,"pepper mild mottle virus",129306434.04308,"copies/l wastewater",146.3,"bcov vaccine","clarified sample",5,2026-07-24 11:01:00,2026
"133",133,133,717,"row-4kpb.fpci~qwnk","rv-vxpq~ygj5_5k3q",2026-07-24 15:01:50.227,2026-07-24 15:01:50.227,"06c267f8282653e1cb5a743e8e61b696",1966,"vt","WastewaterSCAN",50007,"Chittenden",16000,"11f8407fac1cb21b4b0e152dd9901828",2026-06-16,"24-hr time-weighted composite","post grit removal","wwtp",NA,"none","no","ddpcr","chemagic viral dna/rna 300 kit",1,"not tested",NA,"no","rsv","rsv-a and rsv-b combined",0,"copies/g dry sludge",1100,"no",550,NA,0,"pepper mild mottle virus",219626277.39326,"copies/g dry sludge",96,"bcov vaccine","dewatered solids",4,2026-07-24 11:01:00,2026
"134",134,134,723,"row-dt47-pask-7e85","rv-djhq~n7xj~nbdb",2026-07-24 15:01:50.227,2026-07-24 15:01:50.227,"0b28088546b3f956fd0083d623714d2f",1965,"vt","WastewaterSCAN",50007,"Chittenden",30000,"4689d6afee82e300b388bf99296f6e54",2026-05-13,"grab","primary sludge","wwtp",NA,"none","no","ddpcr","chemagic viral dna/rna 300 kit",1,"not tested",NA,"no","rsv","rsv-a and rsv-b combined",10779.78819,"copies/g dry sludge",1100,"yes",10779.78819,NA,2e-05,"pepper mild mottle virus",463008045.0312,"copies/g dry sludge",154,"bcov vaccine","dewatered solids",4,2026-07-24 11:01:00,2026
"135",135,135,724,"row-igdq-b6h4~kbqs","rv-r8m6-iqgp.vg4j",2026-07-24 15:01:50.227,2026-07-24 15:01:50.227,"2a602434b43c4f1e15b4641c350c4314",1965,"vt","WastewaterSCAN",50007,"Chittenden",30000,"49a9f87552947c5e9bc9f64b941265d3",2026-04-29,"grab","primary sludge","wwtp",NA,"none","no","ddpcr","chemagic viral dna/rna 300 kit",1,"not tested",NA,"no","rsv","rsv-a and rsv-b combined",39275.05291,"copies/g dry sludge",1100,"yes",39275.05291,NA,0.00011,"pepper mild mottle virus",346510311.98441,"copies/g dry sludge",135.1,"bcov vaccine","dewatered solids",4,2026-07-24 11:01:00,2026
"136",136,136,731,"row-pupd~9a8t_zscd","rv-c2g4~jraq~mriv",2026-07-24 15:01:50.227,2026-07-24 15:01:50.227,"b1c5649c20a6c5ae4ded157564a284d4",1966,"vt","WastewaterSCAN",50007,"Chittenden",16000,"f7bb4e8e361d5c446f8e819014721095",2026-03-12,"24-hr time-weighted composite","post grit removal","wwtp",NA,"none","no","ddpcr","chemagic viral dna/rna 300 kit",1,"not tested",NA,"no","rsv","rsv-a and rsv-b combined",7370.08937,"copies/g dry sludge",1100,"yes",7370.08937,NA,5e-05,"pepper mild mottle virus",145757763.52542,"copies/g dry sludge",123.7,"bcov vaccine","dewatered solids",4,2026-07-24 11:01:00,2026
"137",137,137,738,"row-dd2i_2red~5dxi","rv-ng7e~sf82_ztqu",2026-07-24 15:01:50.227,2026-07-24 15:01:50.227,"7b88d06e8505bd2bb237ae6d89d3574e",1975,"vt","WastewaterSCAN",50023,"Washington",10100,"35361ef7431fb0cfa743edb9318e6635",2026-05-12,"grab","primary sludge","wwtp",NA,"none","no","ddpcr","chemagic viral dna/rna 300 kit",1,"not tested",NA,"no","rsv","rsv-a and rsv-b combined",15444.94696,"copies/g dry sludge",1100,"yes",15444.94696,NA,4e-05,"pepper mild mottle virus",363942112.10256,"copies/g dry sludge",256.7,"bcov vaccine","dewatered solids",4,2026-07-24 11:01:00,2026
"138",138,138,755,"row-efap_piru_zfeq","rv-xy85~8ivd-krjf",2026-07-24 15:01:50.227,2026-07-24 15:01:50.227,"238e2827948bae2e566af4af54bcae71",1965,"vt","WastewaterSCAN",50007,"Chittenden",30000,"4b2d278ba1d8599c1169cc08202f7e2b",2026-05-25,"grab","primary sludge","wwtp",NA,"none","no","ddpcr","chemagic viral dna/rna 300 kit",1,"not tested",NA,"no","rsv","rsv-a and rsv-b combined",0,"copies/g dry sludge",1100,"no",550,NA,0,"pepper mild mottle virus",431118738.09524,"copies/g dry sludge",220.6,"bcov vaccine","dewatered solids",4,2026-07-24 11:01:00,2026
"139",139,139,761,"row-wkx3.kpwy.8766","rv-jm8t.8b9x.5ep3",2026-07-24 15:01:50.227,2026-07-24 15:01:50.227,"581fcc0545d246135f85fd306eb39a17",1975,"vt","WastewaterSCAN",50023,"Washington",10100,"68771bb79c2ceb6cbce11afb696f8d59",2026-03-05,"grab","primary sludge","wwtp",NA,"none","no","ddpcr","chemagic viral dna/rna 300 kit",1,"not tested",NA,"no","rsv","rsv-a and rsv-b combined",72557.88651,"copies/g dry sludge",1100,"yes",72557.88651,NA,0.00021,"pepper mild mottle virus",341999464.35273,"copies/g dry sludge",52.8,"bcov vaccine","dewatered solids",4,2026-07-24 11:01:00,2026
"140",140,140,766,"row-viab.gezf.hk9k","rv-fqw7.zs3y~s9cf",2026-07-24 15:01:50.227,2026-07-24 15:01:50.227,"0c2c7c19f4b203a4727d3114cffe501c",1975,"vt","WastewaterSCAN",50023,"Washington",10100,"7ba29e9f49e8223399925030373c623a",2026-04-30,"grab","primary sludge","wwtp",NA,"none","no","ddpcr","chemagic viral dna/rna 300 kit",1,"not tested",NA,"no","rsv","rsv-a and rsv-b combined",26933.42705,"copies/g dry sludge",1100,"yes",26933.42705,NA,7e-05,"pepper mild mottle virus",384655036.75096,"copies/g dry sludge",124.9,"bcov vaccine","dewatered solids",4,2026-07-24 11:01:00,2026
"141",141,141,768,"row-qgnu_8j6v-3v9w","rv-bf4k~gejf~pxqs",2026-07-24 15:01:50.227,2026-07-24 15:01:50.227,"a842f1b0bd20293b5d563fe69bdaac0f",1975,"vt","WastewaterSCAN",50023,"Washington",10100,"bb9ee16c68e14ce5c772169f0adaae64",2026-01-21,"grab","primary sludge","wwtp",NA,"none","no","ddpcr","chemagic viral dna/rna 300 kit",1,"not tested",NA,"no","rsv","rsv-a and rsv-b combined",22110.83791,"copies/g dry sludge",1100,"yes",22110.83791,NA,7e-05,"pepper mild mottle virus",297566731.76068,"copies/g dry sludge",151.8,"bcov vaccine","dewatered solids",4,2026-07-24 11:01:00,2026
"142",142,142,777,"row-mzg9.inkp.sjg8","rv-bqi8_ixci_3nm3",2026-07-24 15:01:50.227,2026-07-24 15:01:50.227,"a4677a86381cdf1265d1309b27f6bedb",1965,"vt","WastewaterSCAN",50007,"Chittenden",30000,"1338edd36bf674ba78e8a0ef65caaf8c",2026-05-20,"grab","primary sludge","wwtp",NA,"none","no","ddpcr","chemagic viral dna/rna 300 kit",1,"not tested",NA,"no","rsv","rsv-a and rsv-b combined",8159.94439,"copies/g dry sludge",1100,"yes",8159.94439,NA,1e-05,"pepper mild mottle virus",596075254.52681,"copies/g dry sludge",150,"bcov vaccine","dewatered solids",4,2026-07-24 11:01:00,2026
"143",143,143,780,"row-fg2h.8jra.znnd","rv-xu3i-nms9-vheg",2026-07-24 15:01:50.227,2026-07-24 15:01:50.227,"7e1b9d7e068de9c86219dc9a26afb47b",1975,"vt","WastewaterSCAN",50023,"Washington",10100,"c13aeaf9b09ac83302231853810d5be0",2026-05-11,"grab","primary sludge","wwtp",NA,"none","no","ddpcr","chemagic viral dna/rna 300 kit",1,"not tested",NA,"no","rsv","rsv-a and rsv-b combined",17030.01753,"copies/g dry sludge",1100,"yes",17030.01753,NA,7e-05,"pepper mild mottle virus",248568416.69096,"copies/g dry sludge",114.6,"bcov vaccine","dewatered solids",4,2026-07-24 11:01:00,2026
"144",144,144,793,"row-khc9-vptv-4c5s","rv-xqt7-3gxv-4w9p",2026-07-24 15:01:50.227,2026-07-24 15:01:50.227,"7f374104f7c0c093a01eef067a6d4b50",1975,"vt","WastewaterSCAN",50023,"Washington",10100,"abe007b4081dc73e6c3d5e60c1653af8",2026-06-02,"grab","primary sludge","wwtp",NA,"none","no","ddpcr","chemagic viral dna/rna 300 kit",1,"not tested",NA,"no","rsv","rsv-a and rsv-b combined",2864.7388,"copies/g dry sludge",1100,"yes",2864.7388,NA,1e-05,"pepper mild mottle virus",309751100.1519,"copies/g dry sludge",218.6,"bcov vaccine","dewatered solids",4,2026-07-24 11:01:00,2026
"145",145,145,799,"row-wr28~bidy_uywz","rv-n8yf_umgu-duq4",2026-07-24 15:01:50.227,2026-07-24 15:01:50.227,"c69830db44d92ad98ce4d1febf170c92",1966,"vt","WastewaterSCAN",50007,"Chittenden",16000,"874b41dd1ee6a360b2d563f0f9152458",2026-04-07,"24-hr time-weighted composite","post grit removal","wwtp",NA,"none","no","ddpcr","chemagic viral dna/rna 300 kit",1,"not tested",NA,"no","rsv","rsv-a and rsv-b combined",12496.20467,"copies/g dry sludge",1100,"yes",12496.20467,NA,3e-05,"pepper mild mottle virus",466244393.83704,"copies/g dry sludge",136.8,"bcov vaccine","dewatered solids",4,2026-07-24 11:01:00,2026
"146",146,146,804,"row-nx9h~2vis.3hnj","rv-8844~2728~nphj",2026-07-24 15:01:50.227,2026-07-24 15:01:50.227,"f9afc68dbe9a9fa188484bd97ce3434c",1975,"vt","WastewaterSCAN",50023,"Washington",10100,"cb2e52b534f7452147f92ca6945923cf",2026-03-19,"grab","primary sludge","wwtp",NA,"none","no","ddpcr","chemagic viral dna/rna 300 kit",1,"not tested",NA,"no","rsv","rsv-a and rsv-b combined",48680.7711,"copies/g dry sludge",1100,"yes",48680.7711,NA,0.00017,"pepper mild mottle virus",279805002.26415,"copies/g dry sludge",167.1,"bcov vaccine","dewatered solids",4,2026-07-24 11:01:00,2026
"147",147,147,806,"row-m5i9-tnpb~edpg","rv-phnq.atma~hiy9",2026-07-24 15:01:50.227,2026-07-24 15:01:50.227,"b4565dc22a9f9f040ba9b9388e7f7f37",1966,"vt","WastewaterSCAN",50007,"Chittenden",16000,"7b8d218bc822be44e45594ab804a91f1",2026-06-04,"24-hr time-weighted composite","post grit removal","wwtp",NA,"none","no","ddpcr","chemagic viral dna/rna 300 kit",1,"not tested",NA,"no","rsv","rsv-a and rsv-b combined",0,"copies/g dry sludge",1100,"no",550,NA,0,"pepper mild mottle virus",300572807.58763,"copies/g dry sludge",265,"bcov vaccine","dewatered solids",4,2026-07-24 11:01:00,2026
"148",148,148,812,"row-eazp.q9ez-tphn","rv-5jw2-jeeq.hcnu",2026-07-24 15:01:50.227,2026-07-24 15:01:50.227,"91e7c0ecf9d2ea67499abd7cb773e85f",1965,"vt","WastewaterSCAN",50007,"Chittenden",30000,"a8536cea12ecf5335fd212e0106ee05b",2026-01-09,"grab","primary sludge","wwtp",NA,"none","no","ddpcr","chemagic viral dna/rna 300 kit",1,"not tested",NA,"no","rsv","rsv-a and rsv-b combined",20574.54583,"copies/g dry sludge",1100,"yes",20574.54583,NA,7e-05,"pepper mild mottle virus",285352642.95292,"copies/g dry sludge",85.4,"bcov vaccine","dewatered solids",4,2026-07-24 11:01:00,2026
"149",149,149,816,"row-q5xt~ex2k-qwut","rv-kcf3~8zcj-u36y",2026-07-24 15:01:50.227,2026-07-24 15:01:50.227,"754defd7a83c765f8bd8804e6f604487",1975,"vt","WastewaterSCAN",50023,"Washington",10100,"ddfedf4231ca44740a2e3a01a613b6eb",2026-01-05,"grab","primary sludge","wwtp",NA,"none","no","ddpcr","chemagic viral dna/rna 300 kit",1,"not tested",NA,"no","rsv","rsv-a and rsv-b combined",4342.32859,"copies/g dry sludge",1100,"yes",4342.32859,NA,2e-05,"pepper mild mottle virus",203456112.71735,"copies/g dry sludge",130.1,"bcov vaccine","dewatered solids",4,2026-07-24 11:01:00,2026
"150",150,150,817,"row-5qe4~czsi~nx67","rv-zj9v~sfmv~hc72",2026-07-24 15:01:50.227,2026-07-24 15:01:50.227,"526f4841d8f479d498af0da0ee0b6f63",1967,"vt","CDC_Verily",50007,"Chittenden",25000,"bac2c9386c73775a7d4966d4360ef9a2",2026-05-12,"24-hr flow-weighted composite","post grit removal","wwtp",0,"ceres nanotrap","no","ddpcr","thermo magmax viral/pathogen nucleic acid isolation kit",2,"no","no","no","rsv","rsv-a and rsv-b combined",3430.86861,"copies/l wastewater",1500,"yes",3430.86861,NA,5e-05,"pepper mild mottle virus",72998859.10154,"copies/l wastewater",79.3,"bcov vaccine","clarified sample",5,2026-07-24 11:01:00,2026
"151",151,151,828,"row-setb~gecf-6z6w","rv-a35r~b9wt.hi59",2026-07-24 15:01:50.227,2026-07-24 15:01:50.227,"45ff09e9ebce5cff9ae2b1ee95c1cec3",1966,"vt","WastewaterSCAN",50007,"Chittenden",16000,"342ba981e410396d7fa6355a43e0e2ae",2026-03-24,"24-hr time-weighted composite","post grit removal","wwtp",NA,"none","no","ddpcr","chemagic viral dna/rna 300 kit",1,"not tested",NA,"no","rsv","rsv-a and rsv-b combined",9373.66069,"copies/g dry sludge",1100,"yes",9373.66069,NA,2e-05,"pepper mild mottle virus",550947365.61403,"copies/g dry sludge",117.8,"bcov vaccine","dewatered solids",4,2026-07-24 11:01:00,2026
"152",152,152,830,"row-5w47-eicf_mw4x","rv-9y4n.ggbj-5xjv",2026-07-24 15:01:50.227,2026-07-24 15:01:50.227,"27549673700555c9f6d52c066516d973",1967,"vt","CDC_Verily",50007,"Chittenden",25000,"2cb310fafebeb2cf19b36836e1aec6d9",2026-06-23,"24-hr flow-weighted composite","post grit removal","wwtp",0,"ceres nanotrap","no","ddpcr","thermo magmax viral/pathogen nucleic acid isolation kit",2,"no","no","no","rsv","rsv-a and rsv-b combined",0,"copies/l wastewater",1500,"no",750,NA,2e-05,"pepper mild mottle virus",30439434.33846,"copies/l wastewater",49.4,"bcov vaccine","clarified sample",5,2026-07-24 11:01:00,2026
"153",153,153,836,"row-nhg6.3qnw~4j5q","rv-xdz7~hmb7-kjcf",2026-07-24 15:01:50.227,2026-07-24 15:01:50.227,"4af71c9a54f2c2170bf96eda4e556efb",1965,"vt","WastewaterSCAN",50007,"Chittenden",30000,"133aba754d8cc1dcf3984f549fc27303",2026-05-11,"grab","primary sludge","wwtp",NA,"none","no","ddpcr","chemagic viral dna/rna 300 kit",1,"not tested",NA,"no","rsv","rsv-a and rsv-b combined",10133.95618,"copies/g dry sludge",1100,"yes",10133.95618,NA,3e-05,"pepper mild mottle virus",346684960.59864,"copies/g dry sludge",97,"bcov vaccine","dewatered solids",4,2026-07-24 11:01:00,2026
"154",154,154,842,"row-ug2x.x5bx.ywby","rv-mhjb.xt9a.ggse",2026-07-24 15:01:50.227,2026-07-24 15:01:50.227,"36537587fce6df3ba44612e46efa8e80",1965,"vt","WastewaterSCAN",50007,"Chittenden",30000,"6cdd04e1e09310072764402c2e688beb",2026-01-12,"grab","primary sludge","wwtp",NA,"none","no","ddpcr","chemagic viral dna/rna 300 kit",1,"not tested",NA,"no","rsv","rsv-a and rsv-b combined",6891.18327,"copies/g dry sludge",1100,"yes",6891.18327,NA,2e-05,"pepper mild mottle virus",304793370.31776,"copies/g dry sludge",201.2,"bcov vaccine","dewatered solids",4,2026-07-24 11:01:00,2026
"155",155,155,845,"row-a9v6-fey5_g8fx","rv-deyi_fgpp.fdhq",2026-07-24 15:01:50.227,2026-07-24 15:01:50.227,"acbc5f32805c19ac9f520bd8d3f083d5",1975,"vt","WastewaterSCAN",50023,"Washington",10100,"859fa33ab8e51b7f98b795ef686899c2",2026-02-18,"grab","primary sludge","wwtp",NA,"none","no","ddpcr","chemagic viral dna/rna 300 kit",1,"not tested",NA,"no","rsv","rsv-a and rsv-b combined",46791.96097,"copies/g dry sludge",1100,"yes",46791.96097,NA,0.00018,"pepper mild mottle virus",257384091.30667,"copies/g dry sludge",177.2,"bcov vaccine","dewatered solids",4,2026-07-24 11:01:00,2026
"156",156,156,846,"row-dbz4_nxsj_emjs","rv-ht3j~b8zf_zk6d",2026-07-24 15:01:50.227,2026-07-24 15:01:50.227,"d1546f4c8c75860a81ee44948a119fb1",1966,"vt","WastewaterSCAN",50007,"Chittenden",16000,"0ee93793b089f59a8d39cee9b8e147df",2026-04-23,"24-hr time-weighted composite","post grit removal","wwtp",NA,"none","no","ddpcr","chemagic viral dna/rna 300 kit",1,"not tested",NA,"no","rsv","rsv-a and rsv-b combined",0,"copies/g dry sludge",1100,"no",550,NA,0,"pepper mild mottle virus",173824456.21858,"copies/g dry sludge",104.7,"bcov vaccine","dewatered solids",4,2026-07-24 11:01:00,2026
"157",157,157,849,"row-c2hj.cg8i_pu4x","rv-v2ey~q8h4~ymkw",2026-07-24 15:01:50.227,2026-07-24 15:01:50.227,"84b3fccf737f7845cc06d42dd72b5060",1967,"vt","CDC_Verily",50007,"Chittenden",25000,"2ab10b9d103280de747e57354e75dd16",2026-01-28,"24-hr flow-weighted composite","post grit removal","wwtp",0,"ceres nanotrap","no","ddpcr","thermo magmax viral/pathogen nucleic acid isolation kit",2,"no","no","no","rsv","rsv-a and rsv-b combined",2760.31337,"copies/l wastewater",1500,"yes",2760.31337,NA,5e-05,"pepper mild mottle virus",54145315.32308,"copies/l wastewater",68.6,"bcov vaccine","clarified sample",5,2026-07-24 11:01:00,2026
"158",158,158,855,"row-dkf4~ccqp_ibmc","rv-av68~5sqy-547u",2026-07-24 15:01:50.227,2026-07-24 15:01:50.227,"8f100f8a6610a958e2191644a07cf92c",1975,"vt","WastewaterSCAN",50023,"Washington",10100,"d2c6510ac856dff3d4115fb89437d3ed",2026-05-19,"grab","primary sludge","wwtp",NA,"none","no","ddpcr","chemagic viral dna/rna 300 kit",1,"not tested",NA,"no","rsv","rsv-a and rsv-b combined",0,"copies/g dry sludge",1100,"no",550,NA,0,"pepper mild mottle virus",224080221.27816,"copies/g dry sludge",443.7,"bcov vaccine","dewatered solids",4,2026-07-24 11:01:00,2026
"159",159,159,862,"row-vu2b~2k4n-kd8r","rv-aeki-bemr-kv7q",2026-07-24 15:01:50.227,2026-07-24 15:01:50.227,"198d32e9af203dd67e7d4091fb2121dd",1975,"vt","WastewaterSCAN",50023,"Washington",10100,"3f12060be19dd3901a600e5602343944",2026-04-27,"grab","primary sludge","wwtp",NA,"none","no","ddpcr","chemagic viral dna/rna 300 kit",1,"not tested",NA,"no","rsv","rsv-a and rsv-b combined",43142.1313,"copies/g dry sludge",1100,"yes",43142.1313,NA,0.00022,"pepper mild mottle virus",192730595.76019,"copies/g dry sludge",167.9,"bcov vaccine","dewatered solids",4,2026-07-24 11:01:00,2026
"160",160,160,867,"row-pnrs.6qew_wpp9","rv-v384.kg26_yawe",2026-07-24 15:01:50.227,2026-07-24 15:01:50.227,"4f0ddbba0177749b58326c15d2d7c5c9",1966,"vt","WastewaterSCAN",50007,"Chittenden",16000,"9c0aa8f6bb27e3f5aed30be5085d1e35",2026-05-05,"24-hr time-weighted composite","post grit removal","wwtp",NA,"none","no","ddpcr","chemagic viral dna/rna 300 kit",1,"not tested",NA,"no","rsv","rsv-a and rsv-b combined",0,"copies/g dry sludge",1100,"no",550,NA,0,"pepper mild mottle virus",140872831.8019,"copies/g dry sludge",165.6,"bcov vaccine","dewatered solids",4,2026-07-24 11:01:00,2026
"161",161,161,869,"row-knig_su65_e5ut","rv-rxa3_iw9x-8h8z",2026-07-24 15:01:50.227,2026-07-24 15:01:50.227,"b73fd37882e985cc039ef71b35ebedbd",1965,"vt","WastewaterSCAN",50007,"Chittenden",30000,"9d15faa58705d9a38253356684a39960",2026-02-25,"grab","primary sludge","wwtp",NA,"none","no","ddpcr","chemagic viral dna/rna 300 kit",1,"not tested",NA,"no","rsv","rsv-a and rsv-b combined",91680.53962,"copies/g dry sludge",1100,"yes",91680.53962,NA,3e-04,"pepper mild mottle virus",305727456.79433,"copies/g dry sludge",125.9,"bcov vaccine","dewatered solids",4,2026-07-24 11:01:00,2026
"162",162,162,877,"row-s9t4-hv4n.xgsv","rv-mwqe_ekvh~c9sg",2026-07-24 15:01:50.227,2026-07-24 15:01:50.227,"20ab616f122a6d4e1d7bd7ce81a16a2c",1966,"vt","WastewaterSCAN",50007,"Chittenden",16000,"3f9b8c48538de80edc681eb51b6b41f6",2026-02-24,"24-hr time-weighted composite","post grit removal","wwtp",NA,"none","no","ddpcr","chemagic viral dna/rna 300 kit",1,"not tested",NA,"no","rsv","rsv-a and rsv-b combined",58840.14725,"copies/g dry sludge",1100,"yes",58840.14725,NA,0.00034,"pepper mild mottle virus",174121337.92,"copies/g dry sludge",159.9,"bcov vaccine","dewatered solids",4,2026-07-24 11:01:00,2026
"163",163,163,881,"row-dd4v~w3at-mgi8","rv-sya2~jikv-vabi",2026-07-24 15:01:50.227,2026-07-24 15:01:50.227,"6ee154b520d555982a97e138a7a241fc",1976,"vt","CDC_Verily",50027,"Windsor",6000,"6f99ad66daabb44dce5f90c6972cb419",2026-04-27,"grab","raw wastewater","wwtp",0.35,"ceres nanotrap","no","ddpcr","thermo magmax viral/pathogen nucleic acid isolation kit",2,"no","no","no","rsv","rsv-a and rsv-b combined",0,"copies/l wastewater",1500,"no",750,165611.25,0.00039,"pepper mild mottle virus",1940020.04775,"copies/l wastewater",11.8,"bcov vaccine","clarified sample",5,2026-07-24 11:01:00,2026
"164",164,164,884,"row-dtnp_im2z-jqjy","rv-b7sx~j3ic.2dky",2026-07-24 15:01:50.227,2026-07-24 15:01:50.227,"a8f628947ccb3bde670f4d85aed40ee3",1975,"vt","WastewaterSCAN",50023,"Washington",10100,"e80b88da063cbb039777fe013c7c6b96",2026-04-16,"grab","primary sludge","wwtp",NA,"none","no","ddpcr","chemagic viral dna/rna 300 kit",1,"not tested",NA,"no","rsv","rsv-a and rsv-b combined",72981.11584,"copies/g dry sludge",1100,"yes",72981.11584,NA,0.00029,"pepper mild mottle virus",251632061.57576,"copies/g dry sludge",192.8,"bcov vaccine","dewatered solids",4,2026-07-24 11:01:00,2026
"165",165,165,887,"row-62a5_we32_pq9k","rv-2i7z-uw2b~768q",2026-07-24 15:01:50.227,2026-07-24 15:01:50.227,"274c591204973e34721e5a61fd1c3557",1967,"vt","CDC_Verily",50007,"Chittenden",25000,"be1312214334db21fec1c592ab4b703b",2026-03-17,"24-hr flow-weighted composite","post grit removal","wwtp",0,"ceres nanotrap","no","ddpcr","thermo magmax viral/pathogen nucleic acid isolation kit",2,"no","no","no","rsv","rsv-a and rsv-b combined",3316.75796,"copies/l wastewater",1500,"yes",3316.75796,NA,8e-05,"pepper mild mottle virus",44025005.63692,"copies/l wastewater",78.7,"bcov vaccine","clarified sample",5,2026-07-24 11:01:00,2026
"166",166,166,902,"row-hawx.8hig_xeqc","rv-zetn_9fhq-mkmv",2026-07-24 15:01:50.227,2026-07-24 15:01:50.227,"98a86411ce61c8c811b771dd719f425d",1966,"vt","WastewaterSCAN",50007,"Chittenden",16000,"4b3c52142d97e3c5535da4209fd8fc40",2026-04-14,"24-hr time-weighted composite","post grit removal","wwtp",NA,"none","no","ddpcr","chemagic viral dna/rna 300 kit",1,"not tested",NA,"no","rsv","rsv-a and rsv-b combined",22348.48573,"copies/g dry sludge",1100,"yes",22348.48573,NA,0.00013,"pepper mild mottle virus",173491666.00717,"copies/g dry sludge",76.9,"bcov vaccine","dewatered solids",4,2026-07-24 11:01:00,2026
"167",167,167,906,"row-2kmy-bkup.b6nv","rv-v6vh-d3au-tve7",2026-07-24 15:01:50.227,2026-07-24 15:01:50.227,"b9918f6f0c6b243c7493d10d21b439f8",1966,"vt","WastewaterSCAN",50007,"Chittenden",16000,"5213f789c44ce1267112476ef5015cbe",2026-02-12,"24-hr time-weighted composite","post grit removal","wwtp",NA,"none","no","ddpcr","chemagic viral dna/rna 300 kit",1,"not tested",NA,"no","rsv","rsv-a and rsv-b combined",3454.67766,"copies/g dry sludge",1100,"yes",3454.67766,NA,8e-05,"pepper mild mottle virus",45190539.18519,"copies/g dry sludge",123.3,"bcov vaccine","dewatered solids",4,2026-07-24 11:01:00,2026
"168",168,168,907,"row-nzuj~v49i.2tv8","rv-geuh-6h6u.5m5j",2026-07-24 15:01:50.227,2026-07-24 15:01:50.227,"073fa5f1b5804f273f044a8c1d3a726e",1965,"vt","WastewaterSCAN",50007,"Chittenden",30000,"6a67a42b2fae6fc7500ef573015b22b5",2026-02-20,"grab","primary sludge","wwtp",NA,"none","no","ddpcr","chemagic viral dna/rna 300 kit",1,"not tested",NA,"no","rsv","rsv-a and rsv-b combined",40739.16377,"copies/g dry sludge",1100,"yes",40739.16377,NA,0.00015,"pepper mild mottle virus",278962645.08382,"copies/g dry sludge",140.5,"bcov vaccine","dewatered solids",4,2026-07-24 11:01:00,2026
"169",169,169,917,"row-mez7_gyt3~iqm8","rv-x7i6.j69i_2ezh",2026-07-24 15:01:50.227,2026-07-24 15:01:50.227,"d1701f526a064f880f7a4a2ff37cb3ba",1976,"vt","CDC_Verily",50027,"Windsor",6000,"59517f93b17f26b2e26bdba9bbc60505",2026-06-09,"grab","raw wastewater","wwtp",0.35,"ceres nanotrap","no","ddpcr","thermo magmax viral/pathogen nucleic acid isolation kit",2,"no","no","no","rsv","rsv-a and rsv-b combined",0,"copies/l wastewater",1500,"no",750,165611.25,3e-05,"pepper mild mottle virus",29862203.74154,"copies/l wastewater",36.2,"bcov vaccine","clarified sample",5,2026-07-24 11:01:00,2026
"170",170,170,918,"row-ffqr-7yie.ti8b","rv-bsc3~ayxq_e4s3",2026-07-24 15:01:50.227,2026-07-24 15:01:50.227,"3aaf7b6b9965fb8e20f54146f2ce1705",1976,"vt","CDC_Verily",50027,"Windsor",6000,"2381406adfb2cd3ddb013ee7fa4d9607",2026-06-08,"grab","raw wastewater","wwtp",0.35,"ceres nanotrap","no","ddpcr","thermo magmax viral/pathogen nucleic acid isolation kit",2,"no","no","no","rsv","rsv-a and rsv-b combined",0,"copies/l wastewater",1500,"no",750,165611.25,2e-04,"pepper mild mottle virus",3824970.83323,"copies/l wastewater",18.7,"bcov vaccine","clarified sample",5,2026-07-24 11:01:00,2026
"171",171,171,924,"row-7pmy_nv8k.gwwp","rv-jk6y.s7g7~6hut",2026-07-24 15:01:50.227,2026-07-24 15:01:50.227,"b1612c87113bf6a18c8a5007c915a4a6",1976,"vt","CDC_Verily",50027,"Windsor",6000,"763675702e38116c7e393530a9552cf9",2026-03-09,"grab","raw wastewater","wwtp",0.35,"ceres nanotrap","no","ddpcr","thermo magmax viral/pathogen nucleic acid isolation kit",2,"no","no","no","rsv","rsv-a and rsv-b combined",0,"copies/l wastewater",1500,"no",750,165611.25,0.00039,"pepper mild mottle virus",1932396.22843,"copies/l wastewater",18.8,"bcov vaccine","clarified sample",5,2026-07-24 11:01:00,2026
"172",172,172,929,"row-sjd9_y6jw-9kww","rv-ng63~pmhd-g4wt",2026-07-24 15:01:50.227,2026-07-24 15:01:50.227,"0840049fa7463db6f3090ca3b5b6a778",2350,"vt","CDC_Verily",50001,"Addison",9000,"75aaec27d3bbb520e487bd1439b1aaff",2026-07-16,"24-hr flow-weighted composite","raw wastewater","wwtp",1,"ceres nanotrap","no","ddpcr","thermo magmax viral/pathogen nucleic acid isolation kit",2,"no","no","no","rsv","rsv-a and rsv-b combined",0,"copies/l wastewater",1500,"no",750,315450,1e-05,"pepper mild mottle virus",67179767.31077,"copies/l wastewater",108.7,"bcov vaccine","clarified sample",5,2026-07-24 11:01:00,2026
"173",173,173,932,"row-wzbt_9nby~8j2b","rv-8gbn.vqvy_xxuf",2026-07-24 15:01:50.227,2026-07-24 15:01:50.227,"577701edfae18c6421536cb713a56522",1976,"vt","CDC_Verily",50027,"Windsor",6000,"3545fd8d54919bdb4b85c3778ad110bd",2026-01-20,"grab","raw wastewater","wwtp",0.35,"ceres nanotrap","no","ddpcr","thermo magmax viral/pathogen nucleic acid isolation kit",2,"no","no","no","rsv","rsv-a and rsv-b combined",1347.35044,"copies/l wastewater",1500,"no",750,165611.25,1e-05,"pepper mild mottle virus",87530714.75692,"copies/l wastewater",78,"bcov vaccine","clarified sample",5,2026-07-24 11:01:00,2026
"174",174,174,934,"row-xwhv.6j4d-gjxq","rv-a7p3~fvaw-da5z",2026-07-24 15:01:50.227,2026-07-24 15:01:50.227,"f2886d1dbebbb2bfb19382bfd5041e9e",1976,"vt","CDC_Verily",50027,"Windsor",6000,"eee2ece8935f81e55a3b3d569c726eba",2026-04-28,"grab","raw wastewater","wwtp",0.35,"ceres nanotrap","no","ddpcr","thermo magmax viral/pathogen nucleic acid isolation kit",2,"no","no","no","rsv","rsv-a and rsv-b combined",0,"copies/l wastewater",1500,"no",750,165611.25,4e-05,"pepper mild mottle virus",20044569.75015,"copies/l wastewater",118.7,"bcov vaccine","clarified sample",5,2026-07-24 11:01:00,2026
"175",175,175,936,"row-zthw-acja.vizn","rv-jyaq.e53e~7thm",2026-07-24 15:01:50.227,2026-07-24 15:01:50.227,"e21d90d46c4ef46eba5eceee23c34152",1976,"vt","CDC_Verily",50027,"Windsor",6000,"e637f1ad953d1a5e0718ee3baf1e10e8",2026-02-18,"grab","raw wastewater","wwtp",0.35,"ceres nanotrap","no","ddpcr","thermo magmax viral/pathogen nucleic acid isolation kit",2,"no","no","no","rsv","rsv-a and rsv-b combined",14176.49863,"copies/l wastewater",1500,"yes",14176.49863,3130383.54519,0.00011,"pepper mild mottle virus",129156963.64308,"copies/l wastewater",49,"bcov vaccine","clarified sample",5,2026-07-24 11:01:00,2026
"176",176,176,937,"row-cmg6~btjp-9edc","rv-sjbd~33yb-j5mr",2026-07-24 15:01:50.227,2026-07-24 15:01:50.227,"bb3ca899d71c8c0e1ed1e8b265570209",1976,"vt","CDC_Verily",50027,"Windsor",6000,"7e8d2be07ed9633363c0218902f32e11",2026-03-03,"grab","raw wastewater","wwtp",0.35,"ceres nanotrap","no","ddpcr","thermo magmax viral/pathogen nucleic acid isolation kit",2,"no","no","no","rsv","rsv-a and rsv-b combined",0,"copies/l wastewater",1500,"no",750,165611.25,1e-05,"pepper mild mottle virus",55545377.28,"copies/l wastewater",78.5,"bcov vaccine","clarified sample",5,2026-07-24 11:01:00,2026
"177",177,177,949,"row-8rvx~zkuy.86ns","rv-ypn5.zh98~f5uk",2026-07-24 15:01:50.227,2026-07-24 15:01:50.227,"9fb0cb6b909136a3ff47262ec3df783f",1976,"vt","CDC_Verily",50027,"Windsor",6000,"4495fc28ee7d7b1650887c7ce39b0e87",2026-01-06,"grab","raw wastewater","wwtp",0.35,"ceres nanotrap","no","ddpcr","thermo magmax viral/pathogen nucleic acid isolation kit",2,"no","no","no","rsv","rsv-a and rsv-b combined",24902.81644,"copies/l wastewater",1500,"yes",24902.81644,5498915.41272,0.00027,"pepper mild mottle virus",93332303.55692,"copies/l wastewater",87.9,"bcov vaccine","clarified sample",5,2026-07-24 11:01:00,2026
"178",178,178,951,"row-u4gv~nqe4.9vra","rv-q4r4_nvnv.4wpk",2026-07-24 15:01:50.227,2026-07-24 15:01:50.227,"73fcaa69419fc0c6b6ee2c60c37a0328",1976,"vt","CDC_Verily",50027,"Windsor",6000,"bbb0b897c7fce0783103134f10aa9c6b",2026-02-11,"grab","raw wastewater","wwtp",0.35,"ceres nanotrap","no","ddpcr","thermo magmax viral/pathogen nucleic acid isolation kit",2,"no","no","no","rsv","rsv-a and rsv-b combined",7869.41177,"copies/l wastewater",1500,"yes",7869.41177,1737684.16065,5e-05,"pepper mild mottle virus",146562903.77846,"copies/l wastewater",81,"bcov vaccine","clarified sample",5,2026-07-24 11:01:00,2026
"179",179,179,952,"row-z4e3~5ut5.q4d2","rv-4nkh.zqyh~hcmg",2026-07-24 15:01:50.227,2026-07-24 15:01:50.227,"be6e3febcd90f1d7a3a307a69366a2f7",1976,"vt","CDC_Verily",50027,"Windsor",6000,"da9144ece46640ad526e240aa79f1396",2026-02-03,"grab","raw wastewater","wwtp",0.35,"ceres nanotrap","no","ddpcr","thermo magmax viral/pathogen nucleic acid isolation kit",2,"no","no","no","rsv","rsv-a and rsv-b combined",1509.02652,"copies/l wastewater",1500,"yes",1509.02652,333215.69046,2e-05,"pepper mild mottle virus",85403254.57231,"copies/l wastewater",86.8,"bcov vaccine","clarified sample",5,2026-07-24 11:01:00,2026
"180",180,180,959,"row-mp57_b6tt-jb7z","rv-9yj3.ud4g.kidg",2026-07-24 15:01:50.227,2026-07-24 15:01:50.227,"c712532bfd0262e0f96aef61b6fa1011",2350,"vt","CDC_Verily",50001,"Addison",9000,"4aea106d1a56c9b2528211090e8e6dcf",2026-05-12,"24-hr flow-weighted composite","raw wastewater","wwtp",1,"ceres nanotrap","no","ddpcr","thermo magmax viral/pathogen nucleic acid isolation kit",2,"no","no","no","rsv","rsv-a and rsv-b combined",3252.60883,"copies/l wastewater",1500,"yes",3252.60883,1368047.27376,6e-05,"pepper mild mottle virus",54624089.15692,"copies/l wastewater",101,"bcov vaccine","clarified sample",5,2026-07-24 11:01:00,2026
"181",181,181,961,"row-u4sc_atr7_7uw3","rv-we67.5m3a-b4qm",2026-07-24 15:01:50.227,2026-07-24 15:01:50.227,"4f841265a186a1300d8dde5a525e733d",2350,"vt","CDC_Verily",50001,"Addison",9000,"6ac435479072c8b0853d7f0568ca9649",2026-02-12,"24-hr flow-weighted composite","raw wastewater","wwtp",1,"ceres nanotrap","no","ddpcr","thermo magmax viral/pathogen nucleic acid isolation kit",2,"no","no","no","rsv","rsv-a and rsv-b combined",2515.6734,"copies/l wastewater",1500,"yes",2515.6734,1058092.23218,6e-05,"pepper mild mottle virus",41369553.79692,"copies/l wastewater",111.8,"bcov vaccine","clarified sample",5,2026-07-24 11:01:00,2026
"182",182,182,969,"row-69m6~f72x-fn9i","rv-uk2q-twby.fcrk",2026-07-24 15:01:50.227,2026-07-24 15:01:50.227,"e3d8e49dc82022fb2eb9b8fc30c65582",2350,"vt","CDC_Verily",50001,"Addison",9000,"d81459f65bc0f2443886a11dbee69e61",2026-03-17,"24-hr flow-weighted composite","raw wastewater","wwtp",1,"ceres nanotrap","no","ddpcr","thermo magmax viral/pathogen nucleic acid isolation kit",2,"no","no","no","rsv","rsv-a and rsv-b combined",2018.41971,"copies/l wastewater",1500,"yes",2018.41971,848947.33035,6e-05,"pepper mild mottle virus",33602024.96,"copies/l wastewater",82.1,"bcov vaccine","clarified sample",5,2026-07-24 11:01:00,2026
"183",183,183,972,"row-422u.jwqp_xx3b","rv-94pp~cghz.fbw9",2026-07-24 15:01:50.227,2026-07-24 15:01:50.227,"ced513b4e7c56de4a5eeed6915352e6e",2350,"vt","CDC_Verily",50001,"Addison",9000,"e797acdf0c0caf549cc3c3e2ab19f94b",2026-02-24,"24-hr flow-weighted composite","raw wastewater","wwtp",1,"ceres nanotrap","no","ddpcr","thermo magmax viral/pathogen nucleic acid isolation kit",2,"no","no","no","rsv","rsv-a and rsv-b combined",13106.26601,"copies/l wastewater",1500,"yes",13106.26601,5512495.483,0.00021,"pepper mild mottle virus",62759559.04,"copies/l wastewater",90.6,"bcov vaccine","clarified sample",5,2026-07-24 11:01:00,2026
"184",184,184,973,"row-ia7v.kksm-vade","rv-teyu_t3zg_axvv",2026-07-24 15:01:50.227,2026-07-24 15:01:50.227,"346d786ea63317e5285641bb5d072997",1976,"vt","CDC_Verily",50027,"Windsor",6000,"d0d4b4e263e47c5153cbf9661eda04d5",2026-05-11,"grab","raw wastewater","wwtp",0.35,"ceres nanotrap","no","ddpcr","thermo magmax viral/pathogen nucleic acid isolation kit",2,"no","no","no","rsv","rsv-a and rsv-b combined",0,"copies/l wastewater",1500,"no",750,165611.25,0.00016,"pepper mild mottle virus",4575933.60246,"copies/l wastewater",70,"bcov vaccine","clarified sample",5,2026-07-24 11:01:00,2026
"185",185,185,977,"row-ev6y-nhw4-hm7d","rv-j3ry_x3e5-bxid",2026-07-24 15:01:50.227,2026-07-24 15:01:50.227,"2f75a3a4512d2b97929d5a1738a610f8",2350,"vt","CDC_Verily",50001,"Addison",9000,"a10eeec026d26e1e959daac65b80a6a5",2026-01-15,"24-hr flow-weighted composite","raw wastewater","wwtp",1,"ceres nanotrap","no","ddpcr","thermo magmax viral/pathogen nucleic acid isolation kit",2,"no","no","no","rsv","rsv-a and rsv-b combined",2129.65606,"copies/l wastewater",1500,"yes",2129.65606,895733.34028,5e-05,"pepper mild mottle virus",46898968.02462,"copies/l wastewater",136.3,"bcov vaccine","clarified sample",5,2026-07-24 11:01:00,2026
"186",186,186,986,"row-a6ra.9ysn.uxpn","rv-ksy3_h6dt-y6pe",2026-07-24 15:01:50.227,2026-07-24 15:01:50.227,"dad0e6970051f0ea2eb38d051dffc8b5",1976,"vt","CDC_Verily",50027,"Windsor",6000,"b34801a20bca85a6eaffb8209f42ea72",2026-03-31,"grab","raw wastewater","wwtp",0.35,"ceres nanotrap","no","ddpcr","thermo magmax viral/pathogen nucleic acid isolation kit",2,"no","no","no","rsv","rsv-a and rsv-b combined",0,"copies/l wastewater",1500,"no",750,165611.25,0.00012,"pepper mild mottle virus",6282007.06954,"copies/l wastewater",11.1,"bcov vaccine","clarified sample",5,2026-07-24 11:01:00,2026
"187",187,187,987,"row-u3xv_ts6h~4i6d","rv-82fs.4ee9-n9bp",2026-07-24 15:01:50.227,2026-07-24 15:01:50.227,"b10191256223ee810976597658be1cec",1976,"vt","CDC_Verily",50027,"Windsor",6000,"3089097119230dc26a4d1c6436119bdf",2026-05-04,"grab","raw wastewater","wwtp",0.35,"ceres nanotrap","no","ddpcr","thermo magmax viral/pathogen nucleic acid isolation kit",2,"no","no","no","rsv","rsv-a and rsv-b combined",0,"copies/l wastewater",1500,"no",750,165611.25,0.00036,"pepper mild mottle virus",2083323.69871,"copies/l wastewater",11,"bcov vaccine","clarified sample",5,2026-07-24 11:01:00,2026
"188",188,188,998,"row-nvag.hd2j~g46m","rv-5v2p-zgde~ur6h",2026-07-24 15:01:50.227,2026-07-24 15:01:50.227,"3b76f7e39c2926062a71ca80bc9472b8",1976,"vt","CDC_Verily",50027,"Windsor",6000,"db5f81c9e0c1b390c7196aa8264ba9ad",2026-04-08,"grab","raw wastewater","wwtp",0.35,"ceres nanotrap","no","ddpcr","thermo magmax viral/pathogen nucleic acid isolation kit",2,"no","no","no","rsv","rsv-a and rsv-b combined",0,"copies/l wastewater",1500,"no",750,165611.25,0.00011,"pepper mild mottle virus",6915307.264,"copies/l wastewater",42.6,"bcov vaccine","clarified sample",5,2026-07-24 11:01:00,2026
"189",189,189,1001,"row-xssw-6tzg~5dkn","rv-qik9.3zvm-fipx",2026-07-24 15:01:50.227,2026-07-24 15:01:50.227,"14780ef3f2b8356bd47b442fe3673edc",1976,"vt","CDC_Verily",50027,"Windsor",6000,"eee2e8b8f8d9d627846f2b8af973d431",2026-06-22,"grab","raw wastewater","wwtp",0.35,"ceres nanotrap","no","ddpcr","thermo magmax viral/pathogen nucleic acid isolation kit",2,"no","no","no","rsv","rsv-a and rsv-b combined",0,"copies/l wastewater",1500,"no",750,165611.25,7e-05,"pepper mild mottle virus",10593904.93538,"copies/l wastewater",12.8,"bcov vaccine","clarified sample",5,2026-07-24 11:01:00,2026
"190",190,190,1007,"row-57vr_zfmj-cft7","rv-w46i.ei7t_a92k",2026-07-24 15:01:50.227,2026-07-24 15:01:50.227,"3dba10bf1fdd6b8e6dfcde9bac9b3972",1976,"vt","CDC_Verily",50027,"Windsor",6000,"6915c055453ed9a2bdc066a690f4bef2",2026-06-01,"grab","raw wastewater","wwtp",0.35,"ceres nanotrap","no","ddpcr","thermo magmax viral/pathogen nucleic acid isolation kit",2,"no","no","no","rsv","rsv-a and rsv-b combined",0,"copies/l wastewater",1500,"no",750,165611.25,8e-05,"pepper mild mottle virus",9103571.96554,"copies/l wastewater",78.7,"bcov vaccine","clarified sample",5,2026-07-24 11:01:00,2026
"191",191,191,1010,"row-48vp-vaeq.76kz","rv-ikv9.saqh_kgeq",2026-07-24 15:01:50.227,2026-07-24 15:01:50.227,"05e45e1e574ce95fe89d251d078fe324",1976,"vt","CDC_Verily",50027,"Windsor",6000,"6b84708926d46fe1e7b422845fb1cb1e",2026-05-27,"grab","raw wastewater","wwtp",0.35,"ceres nanotrap","no","ddpcr","thermo magmax viral/pathogen nucleic acid isolation kit",2,"no","no","no","rsv","rsv-a and rsv-b combined",0,"copies/l wastewater",1500,"no",750,165611.25,0.00013,"pepper mild mottle virus",5762074.98338,"copies/l wastewater",32.3,"bcov vaccine","clarified sample",5,2026-07-24 11:01:00,2026
"192",192,192,1019,"row-g7yv.cqdk~shtp","rv-pnki_2uxu~25mt",2026-07-24 15:01:50.227,2026-07-24 15:01:50.227,"a1bc1d12dfe09c05595d3f871a288f5a",2350,"vt","CDC_Verily",50001,"Addison",9000,"3408cc5d6d79c0a64bce4e92340d1d18",2026-05-21,"24-hr flow-weighted composite","raw wastewater","wwtp",1,"ceres nanotrap","no","ddpcr","thermo magmax viral/pathogen nucleic acid isolation kit",2,"no","no","no","rsv","rsv-a and rsv-b combined",0,"copies/l wastewater",1500,"no",750,315450,1e-05,"pepper mild mottle virus",51588613.66154,"copies/l wastewater",167.6,"bcov vaccine","clarified sample",5,2026-07-24 11:01:00,2026
"193",193,193,1020,"row-e4hk_gjta~ipqv","rv-crr7.ttba-ntcn",2026-07-24 15:01:50.227,2026-07-24 15:01:50.227,"fb7b0019fac637edbf5c4bcb3ffd9708",1976,"vt","CDC_Verily",50027,"Windsor",6000,"2dd0d3785afe94bb4566e044fb154517",2026-04-13,"grab","raw wastewater","wwtp",0.35,"ceres nanotrap","no","ddpcr","thermo magmax viral/pathogen nucleic acid isolation kit",2,"no","no","no","rsv","rsv-a and rsv-b combined",3819.40671,"copies/l wastewater",1500,"yes",3819.40671,843382.29158,0.002,"pepper mild mottle virus",1913786.96148,"copies/l wastewater",32.4,"bcov vaccine","clarified sample",5,2026-07-24 11:01:00,2026
"194",194,194,1021,"row-wz87_isqz.qwmg","rv-82qd.h655_dhau",2026-07-24 15:01:50.227,2026-07-24 15:01:50.227,"5bf2bb0788386cc5cc44405d3b28f42f",2350,"vt","CDC_Verily",50001,"Addison",9000,"936aa4ac6fe37012cc4f76f1ef28db64",2026-05-07,"24-hr flow-weighted composite","raw wastewater","wwtp",1,"ceres nanotrap","no","ddpcr","thermo magmax viral/pathogen nucleic acid isolation kit",2,"no","no","no","rsv","rsv-a and rsv-b combined",0,"copies/l wastewater",1500,"no",750,315450,1e-05,"pepper mild mottle virus",71663658.73231,"copies/l wastewater",179.6,"bcov vaccine","clarified sample",5,2026-07-24 11:01:00,2026
"195",195,195,1029,"row-xmqy-2uri_dqt2","rv-a5f4_xdzs-efji",2026-07-24 15:01:50.227,2026-07-24 15:01:50.227,"767d4aa0b9b2ebd36ce8d919d05887b4",1966,"vt","WastewaterSCAN",50007,"Chittenden",16000,"f09b8b5e4f959e968fa5356a14f74ada",2026-01-08,"24-hr time-weighted composite","post grit removal","wwtp",NA,"none","no","ddpcr","chemagic viral dna/rna 300 kit",1,"not tested",NA,"no","rsv","rsv-a and rsv-b combined",8779.74531,"copies/g dry sludge",1100,"yes",8779.74531,NA,4e-05,"pepper mild mottle virus",202636321.82114,"copies/g dry sludge",128.9,"bcov vaccine","dewatered solids",4,2026-07-24 11:01:00,2026
"196",196,196,1051,"row-8ibc~wjij~vmxj","rv-grmx.47pk_kezq",2026-07-24 15:01:50.227,2026-07-24 15:01:50.227,"fd7d973c742524eeea10a3a07fa0d494",1967,"vt","CDC_Verily",50007,"Chittenden",25000,"0d6001ee729edce36140a08e4c3e3d70",2026-02-24,"24-hr flow-weighted composite","post grit removal","wwtp",0,"ceres nanotrap","no","ddpcr","thermo magmax viral/pathogen nucleic acid isolation kit",2,"no","no","no","rsv","rsv-a and rsv-b combined",10133.35332,"copies/l wastewater",1500,"yes",10133.35332,NA,8e-05,"pepper mild mottle virus",121198824.36923,"copies/l wastewater",101.7,"bcov vaccine","clarified sample",5,2026-07-24 11:01:00,2026
"197",197,197,1059,"row-bfn4-dqh8_cgca","rv-c6tj.5bj8.n8cs",2026-07-24 15:01:50.227,2026-07-24 15:01:50.227,"189bd7fd715b15874143cd3c78908440",1965,"vt","WastewaterSCAN",50007,"Chittenden",30000,"bf1cd54c2197c6899cb29b9194e418d0",2026-01-21,"grab","primary sludge","wwtp",NA,"none","no","ddpcr","chemagic viral dna/rna 300 kit",1,"not tested",NA,"no","rsv","rsv-a and rsv-b combined",20752.35211,"copies/g dry sludge",1100,"yes",20752.35211,NA,7e-05,"pepper mild mottle virus",279611037.69784,"copies/g dry sludge",71,"bcov vaccine","dewatered solids",4,2026-07-24 11:01:00,2026
"198",198,198,1061,"row-xy22~m3nm_ybei","rv-asif~b3cj.3epq",2026-07-24 15:01:50.227,2026-07-24 15:01:50.227,"6f6b1572be9458ad2edcb41d7d85aeb4",1965,"vt","WastewaterSCAN",50007,"Chittenden",30000,"8bdfbae8411853b4eef18151995efb42",2026-05-08,"grab","primary sludge","wwtp",NA,"none","no","ddpcr","chemagic viral dna/rna 300 kit",1,"not tested",NA,"no","rsv","rsv-a and rsv-b combined",9573.02816,"copies/g dry sludge",1100,"yes",9573.02816,NA,4e-05,"pepper mild mottle virus",216997010.01481,"copies/g dry sludge",81.2,"bcov vaccine","dewatered solids",4,2026-07-24 11:01:00,2026
"199",199,199,1063,"row-muvi~fktg~95ze","rv-nwyu_mdkh-fzj8",2026-07-24 15:01:50.227,2026-07-24 15:01:50.227,"a91ad39c2f0a2ad280bf380baba69d71",1965,"vt","WastewaterSCAN",50007,"Chittenden",30000,"1c19bd4353709644ba3cc2912ff6aae7",2026-06-10,"grab","primary sludge","wwtp",NA,"none","no","ddpcr","chemagic viral dna/rna 300 kit",1,"not tested",NA,"no","rsv","rsv-a and rsv-b combined",0,"copies/g dry sludge",1100,"no",550,NA,0,"pepper mild mottle virus",140023464.63492,"copies/g dry sludge",277.4,"bcov vaccine","dewatered solids",4,2026-07-24 11:01:00,2026
"200",200,200,1070,"row-pq58.qtua.qf5g","rv-h6n5~5vda_ir62",2026-07-24 15:01:50.227,2026-07-24 15:01:50.227,"44f576f49799353a90f9b1fbe6639c7b",1966,"vt","WastewaterSCAN",50007,"Chittenden",16000,"ba14667f8312bdfeabc1992ee402a234",2026-03-10,"24-hr time-weighted composite","post grit removal","wwtp",NA,"none","no","ddpcr","chemagic viral dna/rna 300 kit",1,"not tested",NA,"no","rsv","rsv-a and rsv-b combined",23116.27851,"copies/g dry sludge",1100,"yes",23116.27851,NA,8e-05,"pepper mild mottle virus",276479532.42491,"copies/g dry sludge",125.8,"bcov vaccine","dewatered solids",4,2026-07-24 11:01:00,2026
"201",201,201,1096,"row-nmn8-76gd~3qym","rv-jz68_t64t_k5wj",2026-07-24 15:01:50.227,2026-07-24 15:01:50.227,"9808f11902d23afd8c2235f781d308e2",1965,"vt","WastewaterSCAN",50007,"Chittenden",30000,"ab08bd8da57701aac8de1c7cd009493e",2026-03-16,"grab","primary sludge","wwtp",NA,"none","no","ddpcr","chemagic viral dna/rna 300 kit",1,"not tested",NA,"no","rsv","rsv-a and rsv-b combined",28699.41159,"copies/g dry sludge",1100,"yes",28699.41159,NA,0.00014,"pepper mild mottle virus",208535293.25413,"copies/g dry sludge",139.3,"bcov vaccine","dewatered solids",4,2026-07-24 11:01:00,2026
"202",202,202,1101,"row-b429~4vk4-w2kq","rv-4c5p.r3ar-jtvy",2026-07-24 15:01:50.227,2026-07-24 15:01:50.227,"17916e6f35f98dc70f6596e004dfe6b9",1966,"vt","WastewaterSCAN",50007,"Chittenden",16000,"4ac81b7eb0a63fde7120f8427f3edd11",2026-04-28,"24-hr time-weighted composite","post grit removal","wwtp",NA,"none","no","ddpcr","chemagic viral dna/rna 300 kit",1,"not tested",NA,"no","rsv","rsv-a and rsv-b combined",6982.96676,"copies/g dry sludge",1100,"yes",6982.96676,NA,2e-05,"pepper mild mottle virus",309724243.2,"copies/g dry sludge",89.3,"bcov vaccine","dewatered solids",4,2026-07-24 11:01:00,2026
"203",203,203,1123,"row-nykk_wddj.tccf","rv-masj-bgqv-hm4d",2026-07-24 15:01:50.227,2026-07-24 15:01:50.227,"3ea926fcf7af2921453b9dc52ed9368c",1975,"vt","WastewaterSCAN",50023,"Washington",10100,"9be0d4d0f63e54118fa652fe982b007c",2026-07-13,"grab","primary sludge","wwtp",NA,"none","no","ddpcr","chemagic viral dna/rna 300 kit",1,"not tested",NA,"no","rsv","rsv-a and rsv-b combined",0,"copies/g dry sludge",1100,"no",550,NA,0,"pepper mild mottle virus",269438211.92638,"copies/g dry sludge",76.1,"bcov vaccine","dewatered solids",4,2026-07-24 11:01:00,2026
"204",204,204,1131,"row-mwhm-hnyz.ksau","rv-29du~envf_is3w",2026-07-24 15:01:50.227,2026-07-24 15:01:50.227,"4411fc3d83497d002223964046229f54",1975,"vt","WastewaterSCAN",50023,"Washington",10100,"4e14c1f13c984d7db6440897ec0d0848",2026-05-28,"grab","primary sludge","wwtp",NA,"none","no","ddpcr","chemagic viral dna/rna 300 kit",1,"not tested",NA,"no","rsv","rsv-a and rsv-b combined",0,"copies/g dry sludge",1100,"no",550,NA,0,"pepper mild mottle virus",264185843.43558,"copies/g dry sludge",109,"bcov vaccine","dewatered solids",4,2026-07-24 11:01:00,2026
"205",205,205,1134,"row-r6cr_atqg_6ira","rv-9hdt~386c_p9ga",2026-07-24 15:01:50.227,2026-07-24 15:01:50.227,"79de82a59e541e7c67e8b24c5142b058",1975,"vt","WastewaterSCAN",50023,"Washington",10100,"bb912312a46be7a00b935fae34772efb",2026-06-22,"grab","primary sludge","wwtp",NA,"none","no","ddpcr","chemagic viral dna/rna 300 kit",1,"not tested",NA,"no","rsv","rsv-a and rsv-b combined",0,"copies/g dry sludge",1100,"no",550,NA,0,"pepper mild mottle virus",113244553.87978,"copies/g dry sludge",91,"bcov vaccine","dewatered solids",4,2026-07-24 11:01:00,2026
"206",206,206,1137,"row-i3en~8tb6.g65p","rv-2d2z~sxtw.wzta",2026-07-24 15:01:50.227,2026-07-24 15:01:50.227,"2aaad8d55a11318d51f42d25f1ed2bfb",1965,"vt","WastewaterSCAN",50007,"Chittenden",30000,"ef9eab273b88872054087761a9a48942",2026-03-13,"grab","primary sludge","wwtp",NA,"none","no","ddpcr","chemagic viral dna/rna 300 kit",1,"not tested",NA,"no","rsv","rsv-a and rsv-b combined",18830.35453,"copies/g dry sludge",1100,"yes",18830.35453,NA,8e-05,"pepper mild mottle virus",232392454.30725,"copies/g dry sludge",109.4,"bcov vaccine","dewatered solids",4,2026-07-24 11:01:00,2026
"207",207,207,1151,"row-jwgc_w2pq_smus","rv-kc68_kdda_aiag",2026-07-24 15:01:50.227,2026-07-24 15:01:50.227,"0a775e506cccb1af7335422d3e33720e",1965,"vt","WastewaterSCAN",50007,"Chittenden",30000,"4a214d613b9231741d9bde332e6a9d41",2026-06-17,"grab","primary sludge","wwtp",NA,"none","no","ddpcr","chemagic viral dna/rna 300 kit",1,"not tested",NA,"no","rsv","rsv-a and rsv-b combined",0,"copies/g dry sludge",1100,"no",550,NA,0,"pepper mild mottle virus",257316177.5873,"copies/g dry sludge",133,"bcov vaccine","dewatered solids",4,2026-07-24 11:01:00,2026
"208",208,208,1156,"row-hvs2~bhrg.3ebx","rv-qjhw~v7ig~i6fi",2026-07-24 15:01:50.227,2026-07-24 15:01:50.227,"a7186021e23c1af8be9de878ecda101a",1965,"vt","WastewaterSCAN",50007,"Chittenden",30000,"0945ff7a4a87fc405ec47b9222c781e5",2026-04-17,"grab","primary sludge","wwtp",NA,"none","no","ddpcr","chemagic viral dna/rna 300 kit",1,"not tested",NA,"no","rsv","rsv-a and rsv-b combined",8771.35439,"copies/g dry sludge",1100,"yes",8771.35439,NA,2e-05,"pepper mild mottle virus",512796575.39394,"copies/g dry sludge",168.8,"bcov vaccine","dewatered solids",4,2026-07-24 11:01:00,2026
"209",209,209,1157,"row-gk5j~ddrk_8j5d","rv-xfg6~td5t_bf82",2026-07-24 15:01:50.227,2026-07-24 15:01:50.227,"c48663ba2e6a25b2400fa3362066b794",1965,"vt","WastewaterSCAN",50007,"Chittenden",30000,"da70a8b7cfa378d07c089f67e37ae3ec",2026-07-01,"grab","primary sludge","wwtp",NA,"none","no","ddpcr","chemagic viral dna/rna 300 kit",1,"not tested",NA,"no","rsv","rsv-a and rsv-b combined",0,"copies/g dry sludge",1100,"no",550,NA,0,"pepper mild mottle virus",439374150.09524,"copies/g dry sludge",142.9,"bcov vaccine","dewatered solids",4,2026-07-24 11:01:00,2026
"210",210,210,1165,"row-ycd3-wp7i-9v9w","rv-t3pi~utw2_q8ws",2026-07-24 15:01:50.227,2026-07-24 15:01:50.227,"25789c75853f94018536b5fbb525ac26",1975,"vt","WastewaterSCAN",50023,"Washington",10100,"fd788d7abaa10fd5250f8d4816dae6b5",2026-04-07,"grab","primary sludge","wwtp",NA,"none","no","ddpcr","chemagic viral dna/rna 300 kit",1,"not tested",NA,"no","rsv","rsv-a and rsv-b combined",58857.49003,"copies/g dry sludge",1100,"yes",58857.49003,NA,0.00024,"pepper mild mottle virus",244144367.04762,"copies/g dry sludge",152,"bcov vaccine","dewatered solids",4,2026-07-24 11:01:00,2026
"211",211,211,1169,"row-bxk2~zmd3.4wvy","rv-4wjf-i953-ra6e",2026-07-24 15:01:50.227,2026-07-24 15:01:50.227,"3859d9375e0cf34eadbfdab1b0ae1a67",1975,"vt","WastewaterSCAN",50023,"Washington",10100,"0d20e23c9621fa69f13921a7766f9b47",2026-02-12,"grab","primary sludge","wwtp",NA,"none","no","ddpcr","chemagic viral dna/rna 300 kit",1,"not tested",NA,"no","rsv","rsv-a and rsv-b combined",28868.23004,"copies/g dry sludge",1100,"yes",28868.23004,NA,5e-05,"pepper mild mottle virus",558949788.4058,"copies/g dry sludge",150.8,"bcov vaccine","dewatered solids",4,2026-07-24 11:01:00,2026
"212",212,212,1173,"row-pdcb~k6xy_bmbz","rv-ypvt-697m-xfj7",2026-07-24 15:01:50.227,2026-07-24 15:01:50.227,"afa9df72b9e50f3f86b4ebe0d916f285",1965,"vt","WastewaterSCAN",50007,"Chittenden",30000,"4f64747539fe4805f5bd5718e36100e9",2026-02-23,"grab","primary sludge","wwtp",NA,"none","no","ddpcr","chemagic viral dna/rna 300 kit",1,"not tested",NA,"no","rsv","rsv-a and rsv-b combined",100338.54526,"copies/g dry sludge",1100,"yes",100338.54526,NA,0.00032,"pepper mild mottle virus",312442274.27556,"copies/g dry sludge",94.8,"bcov vaccine","dewatered solids",4,2026-07-24 11:01:00,2026
"213",213,213,1184,"row-ypuf~9pu4_ep4c","rv-8br3_xcqb-muaz",2026-07-24 15:01:50.227,2026-07-24 15:01:50.227,"a792e3526e4e5bddb504beb5509e8686",1966,"vt","WastewaterSCAN",50007,"Chittenden",16000,"485b9c6b372d4a9281545ea256d9b060",2026-02-17,"24-hr time-weighted composite","post grit removal","wwtp",NA,"none","no","ddpcr","chemagic viral dna/rna 300 kit",1,"not tested",NA,"no","rsv","rsv-a and rsv-b combined",23190.55868,"copies/g dry sludge",1100,"yes",23190.55868,NA,0.00014,"pepper mild mottle virus",162646733.69935,"copies/g dry sludge",208,"bcov vaccine","dewatered solids",4,2026-07-24 11:01:00,2026
"214",214,214,1185,"row-c2bk-mptb_trhv","rv-g3yd-zh6v_ayx5",2026-07-24 15:01:50.227,2026-07-24 15:01:50.227,"083669ea36b4052841cd85be369e726f",1965,"vt","WastewaterSCAN",50007,"Chittenden",30000,"08ee4526137b6f387ce82ee1c7fee006",2026-04-03,"grab","primary sludge","wwtp",NA,"none","no","ddpcr","chemagic viral dna/rna 300 kit",1,"not tested",NA,"no","rsv","rsv-a and rsv-b combined",21393.77873,"copies/g dry sludge",1100,"yes",21393.77873,NA,6e-05,"pepper mild mottle virus",341935274.52723,"copies/g dry sludge",113,"bcov vaccine","dewatered solids",4,2026-07-24 11:01:00,2026
"215",215,215,1189,"row-qfz3-34kj.g37v","rv-nqxy_ph2m.cyq4",2026-07-24 15:01:50.227,2026-07-24 15:01:50.227,"942376921aab6edd3373c718addaa1ee",1966,"vt","WastewaterSCAN",50007,"Chittenden",16000,"8ad8b35bd36d0ddf5880573197a03d86",2026-05-07,"24-hr time-weighted composite","post grit removal","wwtp",NA,"none","no","ddpcr","chemagic viral dna/rna 300 kit",1,"not tested",NA,"no","rsv","rsv-a and rsv-b combined",4512.51584,"copies/g dry sludge",1100,"yes",4512.51584,NA,2e-05,"pepper mild mottle virus",230778858.46541,"copies/g dry sludge",138.1,"bcov vaccine","dewatered solids",4,2026-07-24 11:01:00,2026
"216",216,216,1191,"row-4k34-ykvy~3jrc","rv-i75s-gpcs_kqra",2026-07-24 15:01:50.227,2026-07-24 15:01:50.227,"4738062ae87e4946af45e1411522c21b",1965,"vt","WastewaterSCAN",50007,"Chittenden",30000,"cfb5e4c32434be1d25323e7870cdce13",2026-06-12,"grab","primary sludge","wwtp",NA,"none","no","ddpcr","chemagic viral dna/rna 300 kit",1,"not tested",NA,"no","rsv","rsv-a and rsv-b combined",0,"copies/g dry sludge",1100,"no",550,NA,0,"pepper mild mottle virus",297939935.06796,"copies/g dry sludge",116,"bcov vaccine","dewatered solids",4,2026-07-24 11:01:00,2026
"217",217,217,1192,"row-9ran-rdd9-p4yk","rv-vytu~t57c~68y5",2026-07-24 15:01:50.227,2026-07-24 15:01:50.227,"ce3ca60d913216751204debb9f7cfb96",1975,"vt","WastewaterSCAN",50023,"Washington",10100,"c132eeaae5adbc4657cd2a44b5faed21",2026-03-16,"grab","primary sludge","wwtp",NA,"none","no","ddpcr","chemagic viral dna/rna 300 kit",1,"not tested",NA,"no","rsv","rsv-a and rsv-b combined",119118.19971,"copies/g dry sludge",1100,"yes",119118.19971,NA,0.00043,"pepper mild mottle virus",278702237.56191,"copies/g dry sludge",146.7,"bcov vaccine","dewatered solids",4,2026-07-24 11:01:00,2026
"218",218,218,1196,"row-rzuu-ss4n-digc","rv-8pnh-fh7c-j43t",2026-07-24 15:01:50.227,2026-07-24 15:01:50.227,"216323fc50424b8bdd6dee253a8c5062",1975,"vt","WastewaterSCAN",50023,"Washington",10100,"1422e71a8094aa08fcb8c6cc860e128f",2026-02-19,"grab","primary sludge","wwtp",NA,"none","no","ddpcr","chemagic viral dna/rna 300 kit",1,"not tested",NA,"no","rsv","rsv-a and rsv-b combined",80172.6575,"copies/g dry sludge",1100,"yes",80172.6575,NA,0.00024,"pepper mild mottle virus",339799716.06601,"copies/g dry sludge",115.5,"bcov vaccine","dewatered solids",4,2026-07-24 11:01:00,2026
"219",219,219,1197,"row-jgmf.29du~ugid","rv-e7vg~i3jt_tbuf",2026-07-24 15:01:50.227,2026-07-24 15:01:50.227,"bde0057c6914c55ab6cf5a004a568c30",1965,"vt","WastewaterSCAN",50007,"Chittenden",30000,"ddf2e031c8f8a8caf6e6f55fdafd038d",2026-06-26,"grab","primary sludge","wwtp",NA,"none","no","ddpcr","chemagic viral dna/rna 300 kit",1,"not tested",NA,"no","rsv","rsv-a and rsv-b combined",0,"copies/g dry sludge",1100,"no",550,NA,0,"pepper mild mottle virus",430187726.53411,"copies/g dry sludge",112.5,"bcov vaccine","dewatered solids",4,2026-07-24 11:01:00,2026
"220",220,220,1199,"row-icct-3msy~2jir","rv-u8jv.3mk8-csdp",2026-07-24 15:01:50.227,2026-07-24 15:01:50.227,"7e0566b6831386206aac5c04de5e78e5",1966,"vt","WastewaterSCAN",50007,"Chittenden",16000,"49dad01e49dc6eee5472975626a3103b",2026-01-06,"24-hr time-weighted composite","post grit removal","wwtp",NA,"none","no","ddpcr","chemagic viral dna/rna 300 kit",1,"not tested",NA,"no","rsv","rsv-a and rsv-b combined",4792.86769,"copies/g dry sludge",1100,"yes",4792.86769,NA,5e-05,"pepper mild mottle virus",91299689.48918,"copies/g dry sludge",104.9,"bcov vaccine","dewatered solids",4,2026-07-24 11:01:00,2026
"221",221,221,1202,"row-7mk8.rupm.y73y","rv-93kj.n7pt_j7mq",2026-07-24 15:01:50.227,2026-07-24 15:01:50.227,"5e1dd36c7b4643278961e08c6fa71241",1966,"vt","WastewaterSCAN",50007,"Chittenden",16000,"0a592ea719293af78425087f2552d99c",2026-03-31,"24-hr time-weighted composite","post grit removal","wwtp",NA,"none","no","ddpcr","chemagic viral dna/rna 300 kit",1,"not tested",NA,"no","rsv","rsv-a and rsv-b combined",42717.24559,"copies/g dry sludge",1100,"yes",42717.24559,NA,0.00015,"pepper mild mottle virus",282424222.49573,"copies/g dry sludge",122.5,"bcov vaccine","dewatered solids",4,2026-07-24 11:01:00,2026
"222",222,222,1212,"row-xk3k_pisk.43p6","rv-9rnm-qfei-jrkg",2026-07-24 15:01:50.227,2026-07-24 15:01:50.227,"fc94a20c86c74dc63d7125be715551c7",1975,"vt","WastewaterSCAN",50023,"Washington",10100,"de67e41c433f7f9f3f328bcdd21baffd",2026-04-13,"grab","primary sludge","wwtp",NA,"none","no","ddpcr","chemagic viral dna/rna 300 kit",1,"not tested",NA,"no","rsv","rsv-a and rsv-b combined",155420.92244,"copies/g dry sludge",1100,"yes",155420.92244,NA,0.00039,"pepper mild mottle virus",394304063.52593,"copies/g dry sludge",146.1,"bcov vaccine","dewatered solids",4,2026-07-24 11:01:00,2026
"223",223,223,1214,"row-jac3.e99z-gnqa","rv-fm7g~t29d_6th7",2026-07-24 15:01:50.227,2026-07-24 15:01:50.227,"f1c834bd57c25212a29a899cdb0006ee",1975,"vt","WastewaterSCAN",50023,"Washington",10100,"f481ad0f12a8b92c82b6e4ff70b809f9",2026-04-14,"grab","primary sludge","wwtp",NA,"none","no","ddpcr","chemagic viral dna/rna 300 kit",1,"not tested",NA,"no","rsv","rsv-a and rsv-b combined",73964.93547,"copies/g dry sludge",1100,"yes",73964.93547,NA,0.00015,"pepper mild mottle virus",498834468.48547,"copies/g dry sludge",116.3,"bcov vaccine","dewatered solids",4,2026-07-24 11:01:00,2026
"224",224,224,1221,"row-qmbz-w2ui-inrn","rv-nkas.wv98-bwh3",2026-07-24 15:01:50.227,2026-07-24 15:01:50.227,"42f40950db855a3b61a518b576ac8c1b",1965,"vt","WastewaterSCAN",50007,"Chittenden",30000,"a60076cc9767066052e7e6b4f0214363",2026-07-17,"grab","primary sludge","wwtp",NA,"none","no","ddpcr","chemagic viral dna/rna 300 kit",1,"not tested",NA,"no","rsv","rsv-a and rsv-b combined",2021.24194,"copies/g dry sludge",1100,"yes",2021.24194,NA,1e-05,"pepper mild mottle virus",265658958.68313,"copies/g dry sludge",60.9,"bcov vaccine","dewatered solids",4,2026-07-24 11:01:00,2026
"225",225,225,1222,"row-cfju_dtrj_wqaj","rv-yw78-sbn3.h2gc",2026-07-24 15:01:50.227,2026-07-24 15:01:50.227,"222b79c8ea4c944989f6a74c3db6df14",1967,"vt","CDC_Verily",50007,"Chittenden",25000,"5202eb328b87cc3705190aeeeae196f5",2026-01-20,"24-hr flow-weighted composite","post grit removal","wwtp",0,"ceres nanotrap","no","ddpcr","thermo magmax viral/pathogen nucleic acid isolation kit",2,"no","no","no","rsv","rsv-a and rsv-b combined",1908.64976,"copies/l wastewater",1500,"yes",1908.64976,NA,4e-05,"pepper mild mottle virus",50491821.29231,"copies/l wastewater",61.3,"bcov vaccine","clarified sample",5,2026-07-24 11:01:00,2026
"226",226,226,1233,"row-78ef-iy4z-9nkq","rv-7y9p~xxqg.dm47",2026-07-24 15:01:50.227,2026-07-24 15:01:50.227,"6a1d281af591a3f65d3d84fb3883792a",1965,"vt","WastewaterSCAN",50007,"Chittenden",30000,"116322e04d97f6c6fbdd392410ad1439",2026-04-08,"grab","primary sludge","wwtp",NA,"none","no","ddpcr","chemagic viral dna/rna 300 kit",1,"not tested",NA,"no","rsv","rsv-a and rsv-b combined",31080.81083,"copies/g dry sludge",1100,"yes",31080.81083,NA,1e-04,"pepper mild mottle virus",302346439.29502,"copies/g dry sludge",110.5,"bcov vaccine","dewatered solids",4,2026-07-24 11:01:00,2026
"227",227,227,1238,"row-72mu.x2gg.653i","rv-eeuc.psun-it6y",2026-07-24 15:01:50.227,2026-07-24 15:01:50.227,"2ef59c6cc18de2fbc509b0007f2005a0",1966,"vt","WastewaterSCAN",50007,"Chittenden",16000,"0e678e9169e57a17bd21951e50dfa068",2026-01-15,"24-hr time-weighted composite","post grit removal","wwtp",NA,"none","no","ddpcr","chemagic viral dna/rna 300 kit",1,"not tested",NA,"no","rsv","rsv-a and rsv-b combined",36422.38135,"copies/g dry sludge",1100,"yes",36422.38135,NA,0.00012,"pepper mild mottle virus",306669945.88235,"copies/g dry sludge",349.5,"bcov vaccine","dewatered solids",4,2026-07-24 11:01:00,2026
"228",228,228,1239,"row-w77w.ggdk_fswb","rv-hqv5_mp3h_kq3v",2026-07-24 15:01:50.227,2026-07-24 15:01:50.227,"0611eb73e18f4219bc63556cab212581",1967,"vt","CDC_Verily",50007,"Chittenden",25000,"5295d5da11f5159f295a5dfe7b327766",2026-06-02,"24-hr flow-weighted composite","post grit removal","wwtp",0,"ceres nanotrap","no","ddpcr","thermo magmax viral/pathogen nucleic acid isolation kit",2,"no","no","no","rsv","rsv-a and rsv-b combined",0,"copies/l wastewater",1500,"no",750,NA,1e-05,"pepper mild mottle virus",82583120.49231,"copies/l wastewater",162.8,"bcov vaccine","clarified sample",5,2026-07-24 11:01:00,2026
"229",229,229,1240,"row-ehv6-mefs_gtn8","rv-bmjr.xt7u.8s43",2026-07-24 15:01:50.227,2026-07-24 15:01:50.227,"acc45259be27ec8664f0beddcf57cbc7",1975,"vt","WastewaterSCAN",50023,"Washington",10100,"6f5bb1f42262b9be479d3bb76423ba59",2026-01-06,"grab","primary sludge","wwtp",NA,"none","no","ddpcr","chemagic viral dna/rna 300 kit",1,"not tested",NA,"no","rsv","rsv-a and rsv-b combined",3903.28841,"copies/g dry sludge",1100,"yes",3903.28841,NA,2e-05,"pepper mild mottle virus",168989330.57837,"copies/g dry sludge",103.5,"bcov vaccine","dewatered solids",4,2026-07-24 11:01:00,2026
"230",230,230,1244,"row-hwkr-x5p7.c5ja","rv-pbg4~hvc9~rbm8",2026-07-24 15:01:50.227,2026-07-24 15:01:50.227,"b394d5234c92a4b3720a1fae2e279ba2",1975,"vt","WastewaterSCAN",50023,"Washington",10100,"c79a32f5b3c2c593daf26096bae47567",2026-02-24,"grab","primary sludge","wwtp",NA,"none","no","ddpcr","chemagic viral dna/rna 300 kit",1,"not tested",NA,"no","rsv","rsv-a and rsv-b combined",99803.6064,"copies/g dry sludge",1100,"yes",99803.6064,NA,0.00031,"pepper mild mottle virus",325467936.16667,"copies/g dry sludge",198.8,"bcov vaccine","dewatered solids",4,2026-07-24 11:01:00,2026
"231",231,231,1246,"row-mqmw_9evf.3i79","rv-aaju~c462.wpr5",2026-07-24 15:01:50.227,2026-07-24 15:01:50.227,"8df2328f666c765021d8d1a0a4087413",1965,"vt","WastewaterSCAN",50007,"Chittenden",30000,"2b1764cc43bf8029b1b09d5e33032145",2026-03-25,"grab","primary sludge","wwtp",NA,"none","no","ddpcr","chemagic viral dna/rna 300 kit",1,"not tested",NA,"no","rsv","rsv-a and rsv-b combined",21697.01396,"copies/g dry sludge",1100,"yes",21697.01396,NA,0.00011,"pepper mild mottle virus",193976721.61798,"copies/g dry sludge",86.8,"bcov vaccine","dewatered solids",4,2026-07-24 11:01:00,2026
"232",232,232,1248,"row-ckwq~h39d-jvdg","rv-itd2.kiia_yaxc",2026-07-24 15:01:50.227,2026-07-24 15:01:50.227,"d68b0694513cc5a9e9399240465e75ce",1975,"vt","WastewaterSCAN",50023,"Washington",10100,"c6b73c429de4e75b1441fc0d4e1bcb58",2026-05-21,"grab","primary sludge","wwtp",NA,"none","no","ddpcr","chemagic viral dna/rna 300 kit",1,"not tested",NA,"no","rsv","rsv-a and rsv-b combined",3412.06394,"copies/g dry sludge",1100,"yes",3412.06394,NA,2e-05,"pepper mild mottle virus",202851961.47573,"copies/g dry sludge",255,"bcov vaccine","dewatered solids",4,2026-07-24 11:01:00,2026
"233",233,233,1254,"row-4s9d_rem9.zsv4","rv-harw-whdj~m8qb",2026-07-24 15:01:50.227,2026-07-24 15:01:50.227,"aaa3b4f0712da04de8bb53069012dc7f",1975,"vt","WastewaterSCAN",50023,"Washington",10100,"59f9e4db1b98ef9ca08c7e429d93ea5f",2026-06-16,"grab","primary sludge","wwtp",NA,"none","no","ddpcr","chemagic viral dna/rna 300 kit",1,"not tested",NA,"no","rsv","rsv-a and rsv-b combined",0,"copies/g dry sludge",1100,"no",550,NA,0,"pepper mild mottle virus",433811035.18025,"copies/g dry sludge",149.8,"bcov vaccine","dewatered solids",4,2026-07-24 11:01:00,2026
"234",234,234,1269,"row-uh7j~uftg-nzfw","rv-fnan.f7aa~x98e",2026-07-24 15:01:50.227,2026-07-24 15:01:50.227,"c83016b8417d6115a9520c35f8c974d5",1965,"vt","WastewaterSCAN",50007,"Chittenden",30000,"2c0f7f428b101c5ee4a1ec6de35a2a82",2026-03-06,"grab","primary sludge","wwtp",NA,"none","no","ddpcr","chemagic viral dna/rna 300 kit",1,"not tested",NA,"no","rsv","rsv-a and rsv-b combined",74954.41988,"copies/g dry sludge",1100,"yes",74954.41988,NA,0.00024,"pepper mild mottle virus",306686965.06157,"copies/g dry sludge",102.3,"bcov vaccine","dewatered solids",4,2026-07-24 11:01:00,2026
"235",235,235,1273,"row-gsm6~rsa8~min3","rv-ee2d_bxpd.tu3j",2026-07-24 15:01:50.227,2026-07-24 15:01:50.227,"7a39f3d69a61a97c6403712c02cbe6b2",1966,"vt","WastewaterSCAN",50007,"Chittenden",16000,"3a82c035fa0ded18bb4f25c21f7dc527",2026-03-26,"24-hr time-weighted composite","post grit removal","wwtp",NA,"none","no","ddpcr","chemagic viral dna/rna 300 kit",1,"not tested",NA,"no","rsv","rsv-a and rsv-b combined",68147.14486,"copies/g dry sludge",1100,"yes",68147.14486,NA,0.00022,"pepper mild mottle virus",315351019.97661,"copies/g dry sludge",89.7,"bcov vaccine","dewatered solids",4,2026-07-24 11:01:00,2026
"236",236,236,1284,"row-7u4m~zmzp.qkky","rv-fiwf.9gdt~f4iy",2026-07-24 15:01:50.227,2026-07-24 15:01:50.227,"b2133c43090c6e652c54238fdaec886a",1975,"vt","WastewaterSCAN",50023,"Washington",10100,"01103c3fc8395f187b30cf6a268b1229",2026-06-08,"grab","primary sludge","wwtp",NA,"none","no","ddpcr","chemagic viral dna/rna 300 kit",1,"not tested",NA,"no","rsv","rsv-a and rsv-b combined",0,"copies/g dry sludge",1100,"no",550,NA,0,"pepper mild mottle virus",437138439.31429,"copies/g dry sludge",184,"bcov vaccine","dewatered solids",4,2026-07-24 11:01:00,2026
"237",237,237,1290,"row-riwe~2iuu_xp7z","rv-wcdt_4k6k.fk26",2026-07-24 15:01:50.227,2026-07-24 15:01:50.227,"c30102aaff3464ea076c0ed6be546f0a",1965,"vt","WastewaterSCAN",50007,"Chittenden",30000,"c7df41797e5e1126f1df936d5c3aea57",2026-03-27,"grab","primary sludge","wwtp",NA,"none","no","ddpcr","chemagic viral dna/rna 300 kit",1,"not tested",NA,"no","rsv","rsv-a and rsv-b combined",11220.46794,"copies/g dry sludge",1100,"yes",11220.46794,NA,3e-05,"pepper mild mottle virus",361667419.96396,"copies/g dry sludge",102.6,"bcov vaccine","dewatered solids",4,2026-07-24 11:01:00,2026
"238",238,238,1298,"row-x24b~ejgx_y69f","rv-a9nt-22yb~ztr3",2026-07-24 15:01:50.227,2026-07-24 15:01:50.227,"ccbab433301c0771e2b058ae55057363",1966,"vt","WastewaterSCAN",50007,"Chittenden",16000,"196a1a24dd64513ffee25f5691c66d61",2026-07-07,"24-hr time-weighted composite","post grit removal","wwtp",NA,"none","no","ddpcr","chemagic viral dna/rna 300 kit",1,"not tested",NA,"no","rsv","rsv-a and rsv-b combined",0,"copies/g dry sludge",1100,"no",550,NA,0,"pepper mild mottle virus",289587849.49451,"copies/g dry sludge",109.7,"bcov vaccine","dewatered solids",4,2026-07-24 11:01:00,2026
"239",239,239,1316,"row-srk9-hkes.kafk","rv-v9ce_edix~8ta2",2026-07-24 15:01:50.227,2026-07-24 15:01:50.227,"ae51b5457e6f12af68beed3c12768ba7",1965,"vt","WastewaterSCAN",50007,"Chittenden",30000,"4581228af614b5b2c2813704f0e7bea9",2026-01-14,"grab","primary sludge","wwtp",NA,"none","no","ddpcr","chemagic viral dna/rna 300 kit",1,"not tested",NA,"no","rsv","rsv-a and rsv-b combined",15076.5017,"copies/g dry sludge",1100,"yes",15076.5017,NA,3e-05,"pepper mild mottle virus",546487445.93711,"copies/g dry sludge",106.6,"bcov vaccine","dewatered solids",4,2026-07-24 11:01:00,2026
"240",240,240,1321,"row-84yb.xmi5_5dx5","rv-qqc4~e9h5~z4gg",2026-07-24 15:01:50.227,2026-07-24 15:01:50.227,"c734b41741c5b157eaf2b3e8375e4ccd",1975,"vt","WastewaterSCAN",50023,"Washington",10100,"d334f8e50eecc02ac1eac308c714b2e1",2026-04-09,"grab","primary sludge","wwtp",NA,"none","no","ddpcr","chemagic viral dna/rna 300 kit",1,"not tested",NA,"no","rsv","rsv-a and rsv-b combined",47056.61056,"copies/g dry sludge",1100,"yes",47056.61056,NA,0.00015,"pepper mild mottle virus",310216066.87425,"copies/g dry sludge",136.8,"bcov vaccine","dewatered solids",4,2026-07-24 11:01:00,2026
"241",241,241,1322,"row-zpn2~qvrf~rfee","rv-m7wh~gjpx-yqw7",2026-07-24 15:01:50.227,2026-07-24 15:01:50.227,"fc571f00c056924d9f9fc8dd229b8b99",1975,"vt","WastewaterSCAN",50023,"Washington",10100,"e3e27887373cb54fca461b1385eeaf60",2026-06-15,"grab","primary sludge","wwtp",NA,"none","no","ddpcr","chemagic viral dna/rna 300 kit",1,"not tested",NA,"no","rsv","rsv-a and rsv-b combined",2372.64141,"copies/g dry sludge",1100,"yes",2372.64141,NA,1e-05,"pepper mild mottle virus",213839643.4188,"copies/g dry sludge",83,"bcov vaccine","dewatered solids",4,2026-07-24 11:01:00,2026
"242",242,242,1326,"row-fe6r.edfy_f4cr","rv-7qhv-59qa~din8",2026-07-24 15:01:50.227,2026-07-24 15:01:50.227,"42ce81976921aa44d289ad4fcb9f84f6",1966,"vt","WastewaterSCAN",50007,"Chittenden",16000,"bae353cf07b9db0beae269a449e1380a",2026-05-19,"24-hr time-weighted composite","post grit removal","wwtp",NA,"none","no","ddpcr","chemagic viral dna/rna 300 kit",1,"not tested",NA,"no","rsv","rsv-a and rsv-b combined",25655.87524,"copies/g dry sludge",1100,"yes",25655.87524,NA,5e-05,"pepper mild mottle virus",474308989.29958,"copies/g dry sludge",124.4,"bcov vaccine","dewatered solids",4,2026-07-24 11:01:00,2026
"243",243,243,1327,"row-4jpx-25ss_kfpv","rv-2z8w.mbtn-uzqn",2026-07-24 15:01:50.227,2026-07-24 15:01:50.227,"c5f57d92cf7414e02271cdd6c7331f8d",1965,"vt","WastewaterSCAN",50007,"Chittenden",30000,"299b3ca6b46258c35623834a779cce6f",2026-07-20,"grab","primary sludge","wwtp",NA,"none","no","ddpcr","chemagic viral dna/rna 300 kit",1,"not tested",NA,"no","rsv","rsv-a and rsv-b combined",0,"copies/g dry sludge",1100,"no",550,NA,0,"pepper mild mottle virus",379826154.26306,"copies/g dry sludge",77.4,"bcov vaccine","dewatered solids",4,2026-07-24 11:01:00,2026
"244",244,244,1328,"row-tb45_987y-7hza","rv-p9p9.cn8k~2m3y",2026-07-24 15:01:50.227,2026-07-24 15:01:50.227,"688346a99914bec9ac53b398192c6834",1975,"vt","WastewaterSCAN",50023,"Washington",10100,"f4d0c03941322f63bd1ed1fd8dd02769",2026-03-02,"grab","primary sludge","wwtp",NA,"none","no","ddpcr","chemagic viral dna/rna 300 kit",1,"not tested",NA,"no","rsv","rsv-a and rsv-b combined",48690.1309,"copies/g dry sludge",1100,"yes",48690.1309,NA,0.00012,"pepper mild mottle virus",407760252.74074,"copies/g dry sludge",104.3,"bcov vaccine","dewatered solids",4,2026-07-24 11:01:00,2026
"245",245,245,1331,"row-e4vv.avwr_7igu","rv-fupu.sfbn.7xxc",2026-07-24 15:01:50.227,2026-07-24 15:01:50.227,"10aa31bdb6bff0c5028d364854cf4bae",1965,"vt","WastewaterSCAN",50007,"Chittenden",30000,"5682ef6a4be81924df0c33c5406d9fc3",2026-03-30,"grab","primary sludge","wwtp",NA,"none","no","ddpcr","chemagic viral dna/rna 300 kit",1,"not tested",NA,"no","rsv","rsv-a and rsv-b combined",18994.19854,"copies/g dry sludge",1100,"yes",18994.19854,NA,6e-05,"pepper mild mottle virus",336819705.42703,"copies/g dry sludge",105.8,"bcov vaccine","dewatered solids",4,2026-07-24 11:01:00,2026
"246",246,246,1333,"row-f64h~mv2y~mhdv","rv-gw4v.viqr~ych5",2026-07-24 15:01:50.227,2026-07-24 15:01:50.227,"95bb8c6612d0b43cef42981d20ff2ce9",1965,"vt","WastewaterSCAN",50007,"Chittenden",30000,"74ea7879c4c94d83a84ec513142b3e19",2026-06-15,"grab","primary sludge","wwtp",NA,"none","no","ddpcr","chemagic viral dna/rna 300 kit",1,"not tested",NA,"no","rsv","rsv-a and rsv-b combined",0,"copies/g dry sludge",1100,"no",550,NA,0,"pepper mild mottle virus",179004356.34218,"copies/g dry sludge",73.1,"bcov vaccine","dewatered solids",4,2026-07-24 11:01:00,2026
"247",247,247,1334,"row-gqc6~ktbu.uame","rv-5qcr~7sfx-385i",2026-07-24 15:01:50.227,2026-07-24 15:01:50.227,"ecd97b4a7f54b646c47165daebccbab2",1965,"vt","WastewaterSCAN",50007,"Chittenden",30000,"0482289a364c91d5632e43a296f2563c",2026-05-06,"grab","primary sludge","wwtp",NA,"none","no","ddpcr","chemagic viral dna/rna 300 kit",1,"not tested",NA,"no","rsv","rsv-a and rsv-b combined",6732.15405,"copies/g dry sludge",1100,"yes",6732.15405,NA,4e-05,"pepper mild mottle virus",158177667.31606,"copies/g dry sludge",41.6,"bcov vaccine","dewatered solids",4,2026-07-24 11:01:00,2026
"248",248,248,1350,"row-7k8r_xpwn_d8ie","rv-7kjt.8tj8-xgau",2026-07-24 15:01:50.227,2026-07-24 15:01:50.227,"59929139b1e4e18f708b326310b4d086",1966,"vt","WastewaterSCAN",50007,"Chittenden",16000,"b0920ab436d79ff6f76628b85f169b77",2026-01-29,"24-hr time-weighted composite","post grit removal","wwtp",NA,"none","no","ddpcr","chemagic viral dna/rna 300 kit",1,"not tested",NA,"no","rsv","rsv-a and rsv-b combined",5931.09244,"copies/g dry sludge",1100,"yes",5931.09244,NA,2e-05,"pepper mild mottle virus",317175292.93989,"copies/g dry sludge",73.4,"bcov vaccine","dewatered solids",4,2026-07-24 11:01:00,2026
"249",249,249,1358,"row-tpnm_zdfh.vcqn","rv-pn8t~p8yd.xuse",2026-07-24 15:01:50.227,2026-07-24 15:01:50.227,"6889f06ce53c56ff3302fc82f583bac4",1975,"vt","WastewaterSCAN",50023,"Washington",10100,"4a29db51982bf22566479de46511459e",2026-07-07,"grab","primary sludge","wwtp",NA,"none","no","ddpcr","chemagic viral dna/rna 300 kit",1,"not tested",NA,"no","rsv","rsv-a and rsv-b combined",0,"copies/g dry sludge",1100,"no",550,NA,0,"pepper mild mottle virus",252583692.44444,"copies/g dry sludge",144.6,"bcov vaccine","dewatered solids",4,2026-07-24 11:01:00,2026
"250",250,250,1361,"row-5gg9-9hds.uszw","rv-wx5a-f5yh_4z68",2026-07-24 15:01:50.227,2026-07-24 15:01:50.227,"ef80069f0d65e3a3de4e10cf6b24a290",2350,"vt","CDC_Verily",50001,"Addison",9000,"2c59da7c7ae56b85db72e40041306d76",2026-01-08,"24-hr flow-weighted composite","raw wastewater","wwtp",1,"ceres nanotrap","no","ddpcr","thermo magmax viral/pathogen nucleic acid isolation kit",2,"no","no","no","rsv","rsv-a and rsv-b combined",2868.931,"copies/l wastewater",1500,"yes",2868.931,1206672.37783,5e-05,"pepper mild mottle virus",61477769.10769,"copies/l wastewater",126.5,"bcov vaccine","clarified sample",5,2026-07-24 11:01:00,2026
"251",251,251,1366,"row-sbr6.csd9.pxzq","rv-xfz4~kkqt-zg9p",2026-07-24 15:01:50.227,2026-07-24 15:01:50.227,"72bc422424c642b9671bd412fa0d22b5",2350,"vt","CDC_Verily",50001,"Addison",9000,"602bf2fd1193eb979f0f00fbd792e982",2026-04-28,"24-hr flow-weighted composite","raw wastewater","wwtp",1,"ceres nanotrap","no","ddpcr","thermo magmax viral/pathogen nucleic acid isolation kit",2,"no","no","no","rsv","rsv-a and rsv-b combined",0,"copies/l wastewater",1500,"no",750,315450,4e-05,"pepper mild mottle virus",20318293.64431,"copies/l wastewater",168.3,"bcov vaccine","clarified sample",5,2026-07-24 11:01:00,2026
"252",252,252,1370,"row-yq28~bu8f.c2eb","rv-58jh-ncci-rgmg",2026-07-24 15:01:50.227,2026-07-24 15:01:50.227,"68601319718fc6b89b91ceff4754eba7",2350,"vt","CDC_Verily",50001,"Addison",9000,"2786a3a10dd4c9147e24ed9eb9f77950",2026-06-30,"24-hr flow-weighted composite","raw wastewater","wwtp",1,"ceres nanotrap","no","ddpcr","thermo magmax viral/pathogen nucleic acid isolation kit",2,"no","no","no","rsv","rsv-a and rsv-b combined",0,"copies/l wastewater",1500,"no",750,315450,2e-05,"pepper mild mottle virus",48118769.72308,"copies/l wastewater",172.6,"bcov vaccine","clarified sample",5,2026-07-24 11:01:00,2026
"253",253,253,1372,"row-pp9c~6hxa-h78w","rv-rfid-bpzq_sk4h",2026-07-24 15:01:50.227,2026-07-24 15:01:50.227,"0c5cba27343c0def33299c97d6b94fe9",1976,"vt","CDC_Verily",50027,"Windsor",6000,"9ac69e92e3a0b30a59cf7eecd6b22879",2026-06-30,"grab","raw wastewater","wwtp",0.35,"ceres nanotrap","no","ddpcr","thermo magmax viral/pathogen nucleic acid isolation kit",2,"no","no","no","rsv","rsv-a and rsv-b combined",0,"copies/l wastewater",1500,"no",750,165611.25,2e-05,"pepper mild mottle virus",40427753.15692,"copies/l wastewater",66,"bcov vaccine","clarified sample",5,2026-07-24 11:01:00,2026
"254",254,254,1381,"row-k6xi-7n9g~qmzg","rv-4hpc~thy9.2xyy",2026-07-24 15:01:50.227,2026-07-24 15:01:50.227,"c68939b1e0841e706dad118ba36e5b7c",2350,"vt","CDC_Verily",50001,"Addison",9000,"6db6864f9a3f8898a23d8422844add52",2026-06-04,"24-hr flow-weighted composite","raw wastewater","wwtp",1,"ceres nanotrap","no","ddpcr","thermo magmax viral/pathogen nucleic acid isolation kit",2,"no","no","no","rsv","rsv-a and rsv-b combined",0,"copies/l wastewater",1500,"no",750,315450,2e-05,"pepper mild mottle virus",32334489.08308,"copies/l wastewater",144.7,"bcov vaccine","clarified sample",5,2026-07-24 11:01:00,2026
"255",255,255,1382,"row-w383-zvq9.vsnz","rv-cy2m.4scv~fxet",2026-07-24 15:01:50.227,2026-07-24 15:01:50.227,"fb536eb509cbde8e1caad82fc9118fb6",1976,"vt","CDC_Verily",50027,"Windsor",6000,"f542cd1f3d83ac09ac31e37a43c64e0c",2026-07-14,"grab","raw wastewater","wwtp",0.35,"ceres nanotrap","no","ddpcr","thermo magmax viral/pathogen nucleic acid isolation kit",2,"no","no","no","rsv","rsv-a and rsv-b combined",0,"copies/l wastewater",1500,"no",750,165611.25,1e-05,"pepper mild mottle virus",58488877.51385,"copies/l wastewater",90.7,"bcov vaccine","clarified sample",5,2026-07-24 11:01:00,2026
"256",256,256,1392,"row-axw6-aeg7.q7en","rv-sj5m_e2xi~db2p",2026-07-24 15:01:50.227,2026-07-24 15:01:50.227,"16ac7c9cf010727dab9c2b8c3ea4583c",1976,"vt","CDC_Verily",50027,"Windsor",6000,"8e80fbac3fb550e9a4c560fcd9cbeb6d",2026-02-02,"grab","raw wastewater","wwtp",0.35,"ceres nanotrap","no","ddpcr","thermo magmax viral/pathogen nucleic acid isolation kit",2,"no","no","no","rsv","rsv-a and rsv-b combined",0,"copies/l wastewater",1500,"no",750,165611.25,3e-05,"pepper mild mottle virus",24661114.04308,"copies/l wastewater",40.6,"bcov vaccine","clarified sample",5,2026-07-24 11:01:00,2026
"257",257,257,1393,"row-kcue.kedi-z78u","rv-gg3r-qne7~xf6v",2026-07-24 15:01:50.227,2026-07-24 15:01:50.227,"98287ab4e63c6d02243afa3cb2fcc751",2350,"vt","CDC_Verily",50001,"Addison",9000,"e40ee7ef0e8d31e68bb31835f4dbf390",2026-07-02,"24-hr flow-weighted composite","raw wastewater","wwtp",1,"ceres nanotrap","no","ddpcr","thermo magmax viral/pathogen nucleic acid isolation kit",2,"no","no","no","rsv","rsv-a and rsv-b combined",0,"copies/l wastewater",1500,"no",750,315450,2e-05,"pepper mild mottle virus",48994483.37231,"copies/l wastewater",182.4,"bcov vaccine","clarified sample",5,2026-07-24 11:01:00,2026
"258",258,258,1395,"row-umf7~mgjn~je44","rv-irnj-hfxg~w4k2",2026-07-24 15:01:50.227,2026-07-24 15:01:50.227,"2ea72530941a7fc36d82c5860e7a60b2",2350,"vt","CDC_Verily",50001,"Addison",9000,"1450018d6fd84e99756b0d799acab0c0",2026-06-09,"24-hr flow-weighted composite","raw wastewater","wwtp",1,"ceres nanotrap","no","ddpcr","thermo magmax viral/pathogen nucleic acid isolation kit",2,"no","no","no","rsv","rsv-a and rsv-b combined",0,"copies/l wastewater",1500,"no",750,315450,2e-05,"pepper mild mottle virus",35731093.19385,"copies/l wastewater",132.8,"bcov vaccine","clarified sample",5,2026-07-24 11:01:00,2026
"259",259,259,1398,"row-murz~h493_97ww","rv-qww9~6v9y~pbec",2026-07-24 15:01:50.227,2026-07-24 15:01:50.227,"41f7be2a4ce8215c7a6a8157b4b2f09f",1976,"vt","CDC_Verily",50027,"Windsor",6000,"d1304737b36e9c8e1bed26a72e9483ff",2026-07-20,"grab","raw wastewater","wwtp",0.35,"ceres nanotrap","no","ddpcr","thermo magmax viral/pathogen nucleic acid isolation kit",2,"no","no","no","rsv","rsv-a and rsv-b combined",0,"copies/l wastewater",1500,"no",750,165611.25,4e-05,"pepper mild mottle virus",18586315.44862,"copies/l wastewater",31.6,"bcov vaccine","clarified sample",5,2026-07-24 11:01:00,2026
"260",260,260,1402,"row-3fb7_ui8x_8cpt","rv-jcwz-nd24-9biz",2026-07-24 15:01:50.227,2026-07-24 15:01:50.227,"ac82f6a8be486ad6b559e512a7fe447e",2350,"vt","CDC_Verily",50001,"Addison",9000,"33d54e58a1075e88557a15e721c3a3c6",2026-02-05,"24-hr flow-weighted composite","raw wastewater","wwtp",1,"ceres nanotrap","no","ddpcr","thermo magmax viral/pathogen nucleic acid isolation kit",2,"no","no","no","rsv","rsv-a and rsv-b combined",0,"copies/l wastewater",1500,"no",750,315450,2e-05,"pepper mild mottle virus",35061006.99077,"copies/l wastewater",105.5,"bcov vaccine","clarified sample",5,2026-07-24 11:01:00,2026
"261",261,261,1404,"row-x4uy~q2jb-ucfh","rv-jqxw~7sk4_rxen",2026-07-24 15:01:50.227,2026-07-24 15:01:50.227,"fea0d1934b5db4c605150f9d78ef167a",2350,"vt","CDC_Verily",50001,"Addison",9000,"0ebe9d25e727f19a2d4c48b824735956",2026-05-05,"24-hr flow-weighted composite","raw wastewater","wwtp",1,"ceres nanotrap","no","ddpcr","thermo magmax viral/pathogen nucleic acid isolation kit",2,"no","no","no","rsv","rsv-a and rsv-b combined",16567.92193,"copies/l wastewater",1500,"yes",16567.92193,6968467.96392,2e-04,"pepper mild mottle virus",84428363.49538,"copies/l wastewater",95.6,"bcov vaccine","clarified sample",5,2026-07-24 11:01:00,2026
"262",262,262,1405,"row-7euh.dwfj~n9vu","rv-rkzp.vy9y_zrpu",2026-07-24 15:01:50.227,2026-07-24 15:01:50.227,"d92d914de97d4f17745943207fb4727f",1976,"vt","CDC_Verily",50027,"Windsor",6000,"780b09c40ccb12f80839344dde2adb54",2026-04-06,"grab","raw wastewater","wwtp",0.35,"ceres nanotrap","no","ddpcr","thermo magmax viral/pathogen nucleic acid isolation kit",2,"no","no","no","rsv","rsv-a and rsv-b combined",0,"copies/l wastewater",1500,"no",750,165611.25,0.00037,"pepper mild mottle virus",2046940.28997,"copies/l wastewater",27.4,"bcov vaccine","clarified sample",5,2026-07-24 11:01:00,2026
"263",263,263,1412,"row-y7dk~hx65_fsu5","rv-dtid.dtn7.fb67",2026-07-24 15:01:50.227,2026-07-24 15:01:50.227,"29d7f2dc01f24502efb3f897b4bbe2aa",2350,"vt","CDC_Verily",50001,"Addison",9000,"5398bfaab1147781197d42940405eed1",2026-06-25,"24-hr flow-weighted composite","raw wastewater","wwtp",1,"ceres nanotrap","no","ddpcr","thermo magmax viral/pathogen nucleic acid isolation kit",2,"no","no","no","rsv","rsv-a and rsv-b combined",0,"copies/l wastewater",1500,"no",750,315450,2e-05,"pepper mild mottle virus",49341848.51692,"copies/l wastewater",82.3,"bcov vaccine","clarified sample",5,2026-07-24 11:01:00,2026
"264",264,264,1414,"row-b67m-dr72.ma5w","rv-br4w-4qfb.ajyb",2026-07-24 15:01:50.227,2026-07-24 15:01:50.227,"5216b2c1ba25d1325f70e1217d17b487",1976,"vt","CDC_Verily",50027,"Windsor",6000,"fea7117e739e2af9d66c56ff7032770d",2026-06-16,"grab","raw wastewater","wwtp",0.35,"ceres nanotrap","no","ddpcr","thermo magmax viral/pathogen nucleic acid isolation kit",2,"no","no","no","rsv","rsv-a and rsv-b combined",0,"copies/l wastewater",1500,"no",750,165611.25,2e-05,"pepper mild mottle virus",30480487.53231,"copies/l wastewater",86.5,"bcov vaccine","clarified sample",5,2026-07-24 11:01:00,2026
"265",265,265,1416,"row-3d92.3rk6.4eez","rv-eiuf_brsh-rt7y",2026-07-24 15:01:50.227,2026-07-24 15:01:50.227,"8788bd71701a95251a319620eb542243",2350,"vt","CDC_Verily",50001,"Addison",9000,"03614111d28e4d35a6c623f4cb03e29f",2026-04-09,"24-hr flow-weighted composite","raw wastewater","wwtp",1,"ceres nanotrap","no","ddpcr","thermo magmax viral/pathogen nucleic acid isolation kit",2,"no","no","no","rsv","rsv-a and rsv-b combined",0,"copies/l wastewater",1500,"no",750,315450,4e-05,"pepper mild mottle virus",21219332.18215,"copies/l wastewater",54.3,"bcov vaccine","clarified sample",5,2026-07-24 11:01:00,2026
"266",266,266,1419,"row-7qgy_fheb.gjtm","rv-99dd.bqun-cwsc",2026-07-24 15:01:50.227,2026-07-24 15:01:50.227,"a2be1392a314569aa9a0b5f592a0bc48",2350,"vt","CDC_Verily",50001,"Addison",9000,"1dc8741246378626529b57d8dc4d5a0b",2026-06-18,"24-hr flow-weighted composite","raw wastewater","wwtp",1,"ceres nanotrap","no","ddpcr","thermo magmax viral/pathogen nucleic acid isolation kit",2,"no","no","no","rsv","rsv-a and rsv-b combined",0,"copies/l wastewater",1500,"no",750,315450,4e-05,"pepper mild mottle virus",17279636.08862,"copies/l wastewater",36,"bcov vaccine","clarified sample",5,2026-07-24 11:01:00,2026
"267",267,267,1420,"row-jsdg~c7kh_kxuc","rv-nre8.y2v4-zu2a",2026-07-24 15:01:50.227,2026-07-24 15:01:50.227,"13a68f05040f4be9b4984568516a2902",1976,"vt","CDC_Verily",50027,"Windsor",6000,"4bdb222068335d5c82a9514a5bf8edb4",2026-02-17,"grab","raw wastewater","wwtp",0.35,"ceres nanotrap","no","ddpcr","thermo magmax viral/pathogen nucleic acid isolation kit",2,"no","no","no","rsv","rsv-a and rsv-b combined",1875.00568,"copies/l wastewater",1500,"yes",1875.00568,414029.38027,4e-05,"pepper mild mottle virus",46201420.70154,"copies/l wastewater",24,"bcov vaccine","clarified sample",5,2026-07-24 11:01:00,2026
"268",268,268,1426,"row-zr6w~g5kz-iunc","rv-v67q-qvcq.w75e",2026-07-24 15:01:50.227,2026-07-24 15:01:50.227,"e05f04b2837ea652db21a4a679bc33be",2350,"vt","CDC_Verily",50001,"Addison",9000,"2e0bebef3adb3bf7b3a9fb634181c4e8",2026-07-09,"24-hr flow-weighted composite","raw wastewater","wwtp",1,"ceres nanotrap","no","ddpcr","thermo magmax viral/pathogen nucleic acid isolation kit",2,"no","no","no","rsv","rsv-a and rsv-b combined",0,"copies/l wastewater",1500,"no",750,315450,2e-05,"pepper mild mottle virus",43843402.56,"copies/l wastewater",46.8,"bcov vaccine","clarified sample",5,2026-07-24 11:01:00,2026
"269",269,269,1428,"row-v6cx-kfg5-btzg","rv-gdmh-rtdw~8z8p",2026-07-24 15:01:50.227,2026-07-24 15:01:50.227,"4dbba68be8716f672e321f4105bbcf1c",1976,"vt","CDC_Verily",50027,"Windsor",6000,"bce9532997b4be666b39f79171b63276",2026-06-23,"grab","raw wastewater","wwtp",0.35,"ceres nanotrap","no","ddpcr","thermo magmax viral/pathogen nucleic acid isolation kit",2,"no","no","no","rsv","rsv-a and rsv-b combined",0,"copies/l wastewater",1500,"no",750,165611.25,3e-05,"pepper mild mottle virus",29497699.44615,"copies/l wastewater",35,"bcov vaccine","clarified sample",5,2026-07-24 11:01:00,2026
"270",270,270,1430,"row-4eu6~4z3z-8x8a","rv-9wai-rrxg~eah5",2026-07-24 15:01:50.227,2026-07-24 15:01:50.227,"cf43ac0a85cab95fadaa96b3cc638201",1976,"vt","CDC_Verily",50027,"Windsor",6000,"f57791540d94d11175ddfdff242ca01b",2026-01-13,"grab","raw wastewater","wwtp",0.35,"ceres nanotrap","no","ddpcr","thermo magmax viral/pathogen nucleic acid isolation kit",2,"no","no","no","rsv","rsv-a and rsv-b combined",1228.39439,"copies/l wastewater",1500,"no",750,165611.25,2e-05,"pepper mild mottle virus",43069411.05231,"copies/l wastewater",81.6,"bcov vaccine","clarified sample",5,2026-07-24 11:01:00,2026
"271",271,271,1442,"row-ip2j~ccrd-ez8z","rv-xnb7_t5m6_83r4",2026-07-24 15:01:50.227,2026-07-24 15:01:50.227,"b0869469f66435d2ba59ffe02018186b",2350,"vt","CDC_Verily",50001,"Addison",9000,"71923308ed708a3168b6ab60f785f7f1",2026-01-29,"24-hr flow-weighted composite","raw wastewater","wwtp",1,"ceres nanotrap","no","ddpcr","thermo magmax viral/pathogen nucleic acid isolation kit",2,"no","no","no","rsv","rsv-a and rsv-b combined",1244.61273,"copies/l wastewater",1500,"no",750,315450,2e-05,"pepper mild mottle virus",44146874.06769,"copies/l wastewater",85.7,"bcov vaccine","clarified sample",5,2026-07-24 11:01:00,2026
"272",272,272,1449,"row-ia8e_tgbi_39wz","rv-pcrc-hash-pige",2026-07-24 15:01:50.227,2026-07-24 15:01:50.227,"7b9004cc6edda973e6f1fb64e2902ceb",2350,"vt","CDC_Verily",50001,"Addison",9000,"255d25f528dd79575bec74e6bb4d0510",2026-07-14,"24-hr flow-weighted composite","raw wastewater","wwtp",1,"ceres nanotrap","no","ddpcr","thermo magmax viral/pathogen nucleic acid isolation kit",2,"no","no","no","rsv","rsv-a and rsv-b combined",0,"copies/l wastewater",1500,"no",750,315450,1e-05,"pepper mild mottle virus",80961313.10769,"copies/l wastewater",130.1,"bcov vaccine","clarified sample",5,2026-07-24 11:01:00,2026
"273",273,273,1451,"row-ungr.i22w.h9f5","rv-mj8d~cyjv.qjf4",2026-07-24 15:01:50.227,2026-07-24 15:01:50.227,"58d99155ea788983087a6b4424fe35c7",2350,"vt","CDC_Verily",50001,"Addison",9000,"12dc0981c6220ec2ad25aca33fb0755c",2026-06-11,"24-hr flow-weighted composite","raw wastewater","wwtp",1,"ceres nanotrap","no","ddpcr","thermo magmax viral/pathogen nucleic acid isolation kit",2,"no","no","no","rsv","rsv-a and rsv-b combined",0,"copies/l wastewater",1500,"no",750,315450,2e-05,"pepper mild mottle virus",39460524.33231,"copies/l wastewater",156.4,"bcov vaccine","clarified sample",5,2026-07-24 11:01:00,2026
"274",274,274,1452,"row-rfcz-d2xe~me6s","rv-uhpb-idh5_rp35",2026-07-24 15:01:50.227,2026-07-24 15:01:50.227,"f71d5a7116e657d77c6ee98880ac8120",1976,"vt","CDC_Verily",50027,"Windsor",6000,"ef27dad342ea64e47040837b4aee8a10",2026-03-17,"grab","raw wastewater","wwtp",0.35,"ceres nanotrap","no","ddpcr","thermo magmax viral/pathogen nucleic acid isolation kit",2,"no","no","no","rsv","rsv-a and rsv-b combined",4233.44054,"copies/l wastewater",1500,"yes",4233.44054,934807.17276,0.00138,"pepper mild mottle virus",3057739.25662,"copies/l wastewater",10.9,"bcov vaccine","clarified sample",5,2026-07-24 11:01:00,2026
"275",275,275,1466,"row-xpv4~7f9c-982v","rv-7v64_jtd9-tfr7",2026-07-24 15:01:50.227,2026-07-24 15:01:50.227,"67d91ecf093dc3f68b24ab975e231755",1965,"vt","WastewaterSCAN",50007,"Chittenden",30000,"22fea2630d87274e317040cc52ea9935",2026-06-24,"grab","primary sludge","wwtp",NA,"none","no","ddpcr","chemagic viral dna/rna 300 kit",1,"not tested",NA,"no","rsv","rsv-a and rsv-b combined",0,"copies/g dry sludge",1100,"no",550,NA,0,"pepper mild mottle virus",363077406.6023,"copies/g dry sludge",128.2,"bcov vaccine","dewatered solids",4,2026-07-24 11:01:00,2026
"276",276,276,1470,"row-yvmk~ru3k_g9km","rv-rwva.gi7z~ty4u",2026-07-24 15:01:50.227,2026-07-24 15:01:50.227,"ca6837536555ca44de15957ad8b0b74c",1975,"vt","WastewaterSCAN",50023,"Washington",10100,"f24ffe000b895811e3492047b8d56ba7",2026-02-05,"grab","primary sludge","wwtp",NA,"none","no","ddpcr","chemagic viral dna/rna 300 kit",1,"not tested",NA,"no","rsv","rsv-a and rsv-b combined",27728.04723,"copies/g dry sludge",1100,"yes",27728.04723,NA,9e-05,"pepper mild mottle virus",308759962.89293,"copies/g dry sludge",220.6,"bcov vaccine","dewatered solids",4,2026-07-24 11:01:00,2026
"277",277,277,1474,"row-sufp.9nu2-6phv","rv-cvsd~ipkn-vgje",2026-07-24 15:01:50.227,2026-07-24 15:01:50.227,"f3886f8c1b44e5bee97e951565a83180",1967,"vt","CDC_Verily",50007,"Chittenden",25000,"5893ec1026bc2d4e3a95ab3ea0b7b544",2026-03-04,"24-hr flow-weighted composite","post grit removal","wwtp",0,"ceres nanotrap","no","ddpcr","thermo magmax viral/pathogen nucleic acid isolation kit",2,"no","no","no","rsv","rsv-a and rsv-b combined",12823.34355,"copies/l wastewater",1500,"yes",12823.34355,NA,1e-04,"pepper mild mottle virus",128479830.22769,"copies/l wastewater",72.4,"bcov vaccine","clarified sample",5,2026-07-24 11:01:00,2026
"278",278,278,1483,"row-vna4-uxai.xn8t","rv-p3xn~fgra-p98j",2026-07-24 15:01:50.227,2026-07-24 15:01:50.227,"bb4b497b265fa756b850aeaec3674cb1",1965,"vt","WastewaterSCAN",50007,"Chittenden",30000,"c826ca39159f2c850cf56ec659c014aa",2026-04-20,"grab","primary sludge","wwtp",NA,"none","no","ddpcr","chemagic viral dna/rna 300 kit",1,"not tested",NA,"no","rsv","rsv-a and rsv-b combined",14220.89634,"copies/g dry sludge",1100,"yes",14220.89634,NA,5e-05,"pepper mild mottle virus",310467329.81264,"copies/g dry sludge",123.3,"bcov vaccine","dewatered solids",4,2026-07-24 11:01:00,2026
"279",279,279,1490,"row-irew.szfu_4awe","rv-yyjn-wvmg-7yxk",2026-07-24 15:01:50.227,2026-07-24 15:01:50.227,"04137794d7284d67c3b8ab3b22e20c0f",1965,"vt","WastewaterSCAN",50007,"Chittenden",30000,"43fe5132c1d7949cf1edcbae47165e21",2026-01-16,"grab","primary sludge","wwtp",NA,"none","no","ddpcr","chemagic viral dna/rna 300 kit",1,"not tested",NA,"no","rsv","rsv-a and rsv-b combined",9496.70113,"copies/g dry sludge",1100,"yes",9496.70113,NA,3e-05,"pepper mild mottle virus",378974316.72515,"copies/g dry sludge",178.7,"bcov vaccine","dewatered solids",4,2026-07-24 11:01:00,2026
"280",280,280,1494,"row-cifw-rpqb.j6ns","rv-vhap~6pjm.z9ew",2026-07-24 15:01:50.227,2026-07-24 15:01:50.227,"9f69ed45031fab75193b3adb5e952bc6",1975,"vt","WastewaterSCAN",50023,"Washington",10100,"b37d0d3f523739fa2c6e6e6f8ae9912c",2026-06-30,"grab","primary sludge","wwtp",NA,"none","no","ddpcr","chemagic viral dna/rna 300 kit",1,"not tested",NA,"no","rsv","rsv-a and rsv-b combined",0,"copies/g dry sludge",1100,"no",550,NA,0,"pepper mild mottle virus",477288758.15385,"copies/g dry sludge",122.9,"bcov vaccine","dewatered solids",4,2026-07-24 11:01:00,2026
"281",281,281,1499,"row-afwi_w5wc_9pb6","rv-y8rk-ztdz-nz2i",2026-07-24 15:01:50.227,2026-07-24 15:01:50.227,"9404bce2527a498de06bc20ada452a29",1965,"vt","WastewaterSCAN",50007,"Chittenden",30000,"13df15549a0cba8c666098ab699e79c5",2026-05-01,"grab","primary sludge","wwtp",NA,"none","no","ddpcr","chemagic viral dna/rna 300 kit",1,"not tested",NA,"no","rsv","rsv-a and rsv-b combined",8779.23939,"copies/g dry sludge",1100,"yes",8779.23939,NA,3e-05,"pepper mild mottle virus",324488511.08878,"copies/g dry sludge",128.9,"bcov vaccine","dewatered solids",4,2026-07-24 11:01:00,2026
"282",282,282,1500,"row-zrmq~smig-6w9v","rv-e4ta_tiqj.pr8f",2026-07-24 15:01:50.227,2026-07-24 15:01:50.227,"96805f96f38b1f6fb69c24882295bd2a",1975,"vt","WastewaterSCAN",50023,"Washington",10100,"da0d4492eeb01a534e83f3921505cc9e",2026-02-23,"grab","primary sludge","wwtp",NA,"none","no","ddpcr","chemagic viral dna/rna 300 kit",1,"not tested",NA,"no","rsv","rsv-a and rsv-b combined",99533.50038,"copies/g dry sludge",1100,"yes",99533.50038,NA,0.00042,"pepper mild mottle virus",235629204.62222,"copies/g dry sludge",168.5,"bcov vaccine","dewatered solids",4,2026-07-24 11:01:00,2026
"283",283,283,1502,"row-5v5f-34ap.gamv","rv-vs76-df93_3kpk",2026-07-24 15:01:50.227,2026-07-24 15:01:50.227,"6f5dccc7c6553fc172144f28ccd08a16",1975,"vt","WastewaterSCAN",50023,"Washington",10100,"845ee913c9be111a7c2fa5c62d75f76f",2026-07-20,"grab","primary sludge","wwtp",NA,"none","no","ddpcr","chemagic viral dna/rna 300 kit",1,"not tested",NA,"no","rsv","rsv-a and rsv-b combined",0,"copies/g dry sludge",1100,"no",550,NA,0,"pepper mild mottle virus",205611604.14815,"copies/g dry sludge",62.5,"bcov vaccine","dewatered solids",4,2026-07-24 11:01:00,2026
"284",284,284,1510,"row-eey9.5733_bkwt","rv-cv59-m3a6-47s7",2026-07-24 15:01:50.227,2026-07-24 15:01:50.227,"f323d937dba03c2e1f993307f4408c51",1965,"vt","WastewaterSCAN",50007,"Chittenden",30000,"4c8333a401e65310a67a0ac0c81acfd1",2026-04-10,"grab","primary sludge","wwtp",NA,"none","no","ddpcr","chemagic viral dna/rna 300 kit",1,"not tested",NA,"no","rsv","rsv-a and rsv-b combined",17236.12601,"copies/g dry sludge",1100,"yes",17236.12601,NA,6e-05,"pepper mild mottle virus",270573087.40326,"copies/g dry sludge",81.1,"bcov vaccine","dewatered solids",4,2026-07-24 11:01:00,2026
"285",285,285,1514,"row-j6hz~y24u_7pkv","rv-4b29.4wek-kfp7",2026-07-24 15:01:50.227,2026-07-24 15:01:50.227,"edc17e58a916e4046c4b2817d582bac3",1967,"vt","CDC_Verily",50007,"Chittenden",25000,"4eeeceb7c67a8c50e53a71772db02c98",2026-01-13,"24-hr flow-weighted composite","post grit removal","wwtp",0,"ceres nanotrap","no","ddpcr","thermo magmax viral/pathogen nucleic acid isolation kit",2,"no","no","no","rsv","rsv-a and rsv-b combined",0,"copies/l wastewater",1500,"no",750,NA,6e-05,"pepper mild mottle virus",12820778.47877,"copies/l wastewater",34.8,"bcov vaccine","clarified sample",5,2026-07-24 11:01:00,2026
"286",286,286,1527,"row-9gy8.n2mz-pafu","rv-2ezi_7zbe_hmpr",2026-07-24 15:01:50.227,2026-07-24 15:01:50.227,"5989afe76ef7b5284ad7ec4f87429cd0",1965,"vt","WastewaterSCAN",50007,"Chittenden",30000,"ad5961e55d6a36def7c35a5c3354c8fb",2026-05-15,"grab","primary sludge","wwtp",NA,"none","no","ddpcr","chemagic viral dna/rna 300 kit",1,"not tested",NA,"no","rsv","rsv-a and rsv-b combined",2917.57786,"copies/g dry sludge",1100,"yes",2917.57786,NA,1e-05,"pepper mild mottle virus",322312896.69945,"copies/g dry sludge",231.4,"bcov vaccine","dewatered solids",4,2026-07-24 11:01:00,2026
"287",287,287,1536,"row-aawc~np7q~e8c2","rv-76sf-6cs6~nim7",2026-07-24 15:01:50.227,2026-07-24 15:01:50.227,"45a72b5848d70abf5031acc1c5fd97a1",1966,"vt","WastewaterSCAN",50007,"Chittenden",16000,"01bd734a20b173cfbefd75a8d5f421b5",2026-07-14,"24-hr time-weighted composite","post grit removal","wwtp",NA,"none","no","ddpcr","chemagic viral dna/rna 300 kit",1,"not tested",NA,"no","rsv","rsv-a and rsv-b combined",0,"copies/g dry sludge",1100,"no",550,NA,0,"pepper mild mottle virus",206580144.72727,"copies/g dry sludge",106.4,"bcov vaccine","dewatered solids",4,2026-07-24 11:01:00,2026
"288",288,288,1541,"row-3wzw_e27d.kcw4","rv-amyq.tnkf_decf",2026-07-24 15:01:50.227,2026-07-24 15:01:50.227,"c528730806d0b7285dd308011dbf7ee9",1967,"vt","CDC_Verily",50007,"Chittenden",25000,"9747d2fdb17277c1fea1c5a05d76bb8d",2026-04-28,"24-hr flow-weighted composite","post grit removal","wwtp",0,"ceres nanotrap","no","ddpcr","thermo magmax viral/pathogen nucleic acid isolation kit",2,"no","no","no","rsv","rsv-a and rsv-b combined",1211.92351,"copies/l wastewater",1500,"no",750,NA,1e-05,"pepper mild mottle virus",94024911.72923,"copies/l wastewater",114.7,"bcov vaccine","clarified sample",5,2026-07-24 11:01:00,2026
"289",289,289,1549,"row-tcme~damt_prs4","rv-bimb.2ju8-ktg6",2026-07-24 15:01:50.227,2026-07-24 15:01:50.227,"16e87a0fc1158ba2f02261f5e1eb66b6",1975,"vt","WastewaterSCAN",50023,"Washington",10100,"fd2df188c1925f25662f0f9825f28d8a",2026-01-22,"grab","primary sludge","wwtp",NA,"none","no","ddpcr","chemagic viral dna/rna 300 kit",1,"not tested",NA,"no","rsv","rsv-a and rsv-b combined",23385.42402,"copies/g dry sludge",1100,"yes",23385.42402,NA,6e-05,"pepper mild mottle virus",379779309.56634,"copies/g dry sludge",113.1,"bcov vaccine","dewatered solids",4,2026-07-24 11:01:00,2026
"290",290,290,1552,"row-kd4e~mqtu~wdpd","rv-x3pp_hpyc-2r99",2026-07-24 15:01:50.227,2026-07-24 15:01:50.227,"1c9b5632e89bc5f86229d38412b9d53c",1975,"vt","WastewaterSCAN",50023,"Washington",10100,"5d64bb648d67bfae464daf20ffaf3b26",2026-07-01,"grab","primary sludge","wwtp",NA,"none","no","ddpcr","chemagic viral dna/rna 300 kit",1,"not tested",NA,"no","rsv","rsv-a and rsv-b combined",2507.3044,"copies/g dry sludge",1100,"yes",2507.3044,NA,0,"pepper mild mottle virus",809731693.55932,"copies/g dry sludge",74.5,"bcov vaccine","dewatered solids",4,2026-07-24 11:01:00,2026
"291",291,291,1554,"row-s9jj_76pv-s8br","rv-72nz_q35x-r9uz",2026-07-24 15:01:50.227,2026-07-24 15:01:50.227,"fb2d7caa78aabb669b20737996c11c2a",1965,"vt","WastewaterSCAN",50007,"Chittenden",30000,"cff5e83834bb6f53fcd479708fcbf0e8",2026-06-29,"grab","primary sludge","wwtp",NA,"none","no","ddpcr","chemagic viral dna/rna 300 kit",1,"not tested",NA,"no","rsv","rsv-a and rsv-b combined",0,"copies/g dry sludge",1100,"no",550,NA,0,"pepper mild mottle virus",301649915.91111,"copies/g dry sludge",106.9,"bcov vaccine","dewatered solids",4,2026-07-24 11:01:00,2026
"292",292,292,1555,"row-5436_5dcb~cnyv","rv-vivq-taa5_hj64",2026-07-24 15:01:50.227,2026-07-24 15:01:50.227,"9b0468bd3729e2f9162301d36367522c",1965,"vt","WastewaterSCAN",50007,"Chittenden",30000,"71e9036fc34ff3846ac3ce4912637d69",2026-05-29,"grab","primary sludge","wwtp",NA,"none","no","ddpcr","chemagic viral dna/rna 300 kit",1,"not tested",NA,"no","rsv","rsv-a and rsv-b combined",0,"copies/g dry sludge",1100,"no",550,NA,0,"pepper mild mottle virus",404383459.78295,"copies/g dry sludge",227.1,"bcov vaccine","dewatered solids",4,2026-07-24 11:01:00,2026
"293",293,293,1560,"row-uevg-ak4y.ukjj","rv-96mq_r5vr.4unm",2026-07-24 15:01:50.227,2026-07-24 15:01:50.227,"8ff03b6fc0d1917f7f33d54d6b7dde17",1967,"vt","CDC_Verily",50007,"Chittenden",25000,"169610880b0973771cca3f48880e8af0",2026-02-03,"24-hr flow-weighted composite","post grit removal","wwtp",0,"ceres nanotrap","no","ddpcr","thermo magmax viral/pathogen nucleic acid isolation kit",2,"no","no","no","rsv","rsv-a and rsv-b combined",9947.10015,"copies/l wastewater",1500,"yes",9947.10015,NA,0.00012,"pepper mild mottle virus",84147460.94769,"copies/l wastewater",46.2,"bcov vaccine","clarified sample",5,2026-07-24 11:01:00,2026
"294",294,294,1564,"row-zhvj-9zyy.fttz","rv-5vae.hwd5.wgdd",2026-07-24 15:01:50.227,2026-07-24 15:01:50.227,"1fe821d60c7b3f845222f6c6942b5224",1967,"vt","CDC_Verily",50007,"Chittenden",25000,"4b96f741ca064aa1351498d504203ccd",2026-04-14,"24-hr flow-weighted composite","post grit removal","wwtp",0,"ceres nanotrap","no","ddpcr","thermo magmax viral/pathogen nucleic acid isolation kit",2,"no","no","no","rsv","rsv-a and rsv-b combined",3064.37637,"copies/l wastewater",1500,"yes",3064.37637,NA,4e-05,"pepper mild mottle virus",81787869.95692,"copies/l wastewater",101.7,"bcov vaccine","clarified sample",5,2026-07-24 11:01:00,2026
"295",295,295,1565,"row-f783~snbc_b96z","rv-ndyn.d7mq-rwa9",2026-07-24 15:01:50.227,2026-07-24 15:01:50.227,"7803ff4baf4e5575451011fd4e0dcf3d",1975,"vt","WastewaterSCAN",50023,"Washington",10100,"3c036dae1c8930adf75eb6d242281a2e",2026-02-26,"grab","primary sludge","wwtp",NA,"none","no","ddpcr","chemagic viral dna/rna 300 kit",1,"not tested",NA,"no","rsv","rsv-a and rsv-b combined",48762.05507,"copies/g dry sludge",1100,"yes",48762.05507,NA,0.00011,"pepper mild mottle virus",462393163.28375,"copies/g dry sludge",284,"bcov vaccine","dewatered solids",4,2026-07-24 11:01:00,2026
"296",296,296,1570,"row-xph2.7uat-cz2y","rv-98p4.ctr4-medb",2026-07-24 15:01:50.227,2026-07-24 15:01:50.227,"8d1247de41a5f9885849c5858e7c6608",1965,"vt","WastewaterSCAN",50007,"Chittenden",30000,"b34f3672bb8d5bb6c7c15ece14b84619",2026-02-16,"grab","primary sludge","wwtp",NA,"none","no","ddpcr","chemagic viral dna/rna 300 kit",1,"not tested",NA,"no","rsv","rsv-a and rsv-b combined",75785.91117,"copies/g dry sludge",1100,"yes",75785.91117,NA,0.00016,"pepper mild mottle virus",486665324.11299,"copies/g dry sludge",135.3,"bcov vaccine","dewatered solids",4,2026-07-24 11:01:00,2026
"297",297,297,1571,"row-w4s2~zs69_4iym","rv-yi8u~7r5c-x6mk",2026-07-24 15:01:50.227,2026-07-24 15:01:50.227,"3c93b75ffd8d68f660d57398eb213410",1975,"vt","WastewaterSCAN",50023,"Washington",10100,"3e6a7b9da4e17b6acfd3f964c9f306af",2026-04-28,"grab","primary sludge","wwtp",NA,"none","no","ddpcr","chemagic viral dna/rna 300 kit",1,"not tested",NA,"no","rsv","rsv-a and rsv-b combined",65367.76019,"copies/g dry sludge",1100,"yes",65367.76019,NA,0.00031,"pepper mild mottle virus",207876405.05077,"copies/g dry sludge",217.2,"bcov vaccine","dewatered solids",4,2026-07-24 11:01:00,2026
"298",298,298,1574,"row-4ctm_tfv9.cxt2","rv-tvnx-shxw.ieui",2026-07-24 15:01:50.227,2026-07-24 15:01:50.227,"42118ed66a9e68be1f99e0658d7fe7e2",1975,"vt","WastewaterSCAN",50023,"Washington",10100,"1a2ddff6abbc3c76ff1dbcfcc92de481",2026-04-06,"grab","primary sludge","wwtp",NA,"none","no","ddpcr","chemagic viral dna/rna 300 kit",1,"not tested",NA,"no","rsv","rsv-a and rsv-b combined",198672.74131,"copies/g dry sludge",1100,"yes",198672.74131,NA,0.00081,"pepper mild mottle virus",244339713.24925,"copies/g dry sludge",125.6,"bcov vaccine","dewatered solids",4,2026-07-24 11:01:00,2026
"299",299,299,1582,"row-e3zy.nrxa~y73s","rv-h74t-ae65-s4s2",2026-07-24 15:01:50.227,2026-07-24 15:01:50.227,"0409e1654522d7624a32e0db00e0cfca",1975,"vt","WastewaterSCAN",50023,"Washington",10100,"6efca5e62a5553c302a8b3cdfefa9086",2026-03-09,"grab","primary sludge","wwtp",NA,"none","no","ddpcr","chemagic viral dna/rna 300 kit",1,"not tested",NA,"no","rsv","rsv-a and rsv-b combined",17235.8618,"copies/g dry sludge",1100,"yes",17235.8618,NA,1e-04,"pepper mild mottle virus",177934927.60976,"copies/g dry sludge",151.7,"bcov vaccine","dewatered solids",4,2026-07-24 11:01:00,2026
"300",300,300,1583,"row-sh29.x5gm_w45n","rv-au83_xhma_mfbn",2026-07-24 15:01:50.227,2026-07-24 15:01:50.227,"af4b2ae831f68e04f5bb173a30257ded",1965,"vt","WastewaterSCAN",50007,"Chittenden",30000,"bfe0d03a4e8337d66d71aea26e85d1ac",2026-02-02,"grab","primary sludge","wwtp",NA,"none","no","ddpcr","chemagic viral dna/rna 300 kit",1,"not tested",NA,"no","rsv","rsv-a and rsv-b combined",44075.76564,"copies/g dry sludge",1100,"yes",44075.76564,NA,9e-05,"pepper mild mottle virus",467776951.63636,"copies/g dry sludge",128.5,"bcov vaccine","dewatered solids",4,2026-07-24 11:01:00,2026
"301",301,301,1584,"row-v7ga.4dey~vhaf","rv-myrc-nsus_u72e",2026-07-24 15:01:50.227,2026-07-24 15:01:50.227,"5311fb4024d87ae4f2ddaf22d8a2d471",1975,"vt","WastewaterSCAN",50023,"Washington",10100,"5cc8be847551d21e7a8e15f85741223f",2026-01-20,"grab","primary sludge","wwtp",NA,"none","no","ddpcr","chemagic viral dna/rna 300 kit",1,"not tested",NA,"no","rsv","rsv-a and rsv-b combined",14628.77501,"copies/g dry sludge",1100,"yes",14628.77501,NA,1e-04,"pepper mild mottle virus",147542490.89362,"copies/g dry sludge",195.4,"bcov vaccine","dewatered solids",4,2026-07-24 11:01:00,2026
"302",302,302,1591,"row-2y62-8d4y~k93p","rv-6ghu_emi6.p5gg",2026-07-24 15:01:50.227,2026-07-24 15:01:50.227,"54e1867ff3589a7bfe5ec694b1cdc5bf",1965,"vt","WastewaterSCAN",50007,"Chittenden",30000,"a5cff413009e051a6612d3b07797a886",2026-05-22,"grab","primary sludge","wwtp",NA,"none","no","ddpcr","chemagic viral dna/rna 300 kit",1,"not tested",NA,"no","rsv","rsv-a and rsv-b combined",0,"copies/g dry sludge",1100,"no",550,NA,0,"pepper mild mottle virus",395013137.09317,"copies/g dry sludge",103.5,"bcov vaccine","dewatered solids",4,2026-07-24 11:01:00,2026
"303",303,303,1592,"row-3a7a~k3ve.ac7e","rv-efig-uxmh_agfz",2026-07-24 15:01:50.227,2026-07-24 15:01:50.227,"312429eebdd267e4b782579c1090e2db",1975,"vt","WastewaterSCAN",50023,"Washington",10100,"5b3a77fa499fa8d52c71050349d971ce",2026-06-01,"grab","primary sludge","wwtp",NA,"none","no","ddpcr","chemagic viral dna/rna 300 kit",1,"not tested",NA,"no","rsv","rsv-a and rsv-b combined",1843.28024,"copies/g dry sludge",1100,"yes",1843.28024,NA,1e-05,"pepper mild mottle virus",250992394.66667,"copies/g dry sludge",201.5,"bcov vaccine","dewatered solids",4,2026-07-24 11:01:00,2026
"304",304,304,1597,"row-zu72-yxs8~u5i6","rv-e9ng_zcjj_42m7",2026-07-24 15:01:50.227,2026-07-24 15:01:50.227,"c6eb9345de10b2f87e8a74e5d52090d8",1966,"vt","WastewaterSCAN",50007,"Chittenden",16000,"6de315d634d29c61e651ecde725691ed",2026-02-26,"24-hr time-weighted composite","post grit removal","wwtp",NA,"none","no","ddpcr","chemagic viral dna/rna 300 kit",1,"not tested",NA,"no","rsv","rsv-a and rsv-b combined",13093.28361,"copies/g dry sludge",1100,"yes",13093.28361,NA,2e-05,"pepper mild mottle virus",533252012.53528,"copies/g dry sludge",113.2,"bcov vaccine","dewatered solids",4,2026-07-24 11:01:00,2026
"305",305,305,1598,"row-pgxx.fqb3_shh7","rv-fjeu~j9qm_qdha",2026-07-24 15:01:50.227,2026-07-24 15:01:50.227,"bdc59314c269f442e9a6c844fceb5e53",1965,"vt","WastewaterSCAN",50007,"Chittenden",30000,"17a328d7e4a838364c13f04a6244785d",2026-05-27,"grab","primary sludge","wwtp",NA,"none","no","ddpcr","chemagic viral dna/rna 300 kit",1,"not tested",NA,"no","rsv","rsv-a and rsv-b combined",0,"copies/g dry sludge",1100,"no",550,NA,0,"pepper mild mottle virus",497626555.93651,"copies/g dry sludge",196.9,"bcov vaccine","dewatered solids",4,2026-07-24 11:01:00,2026
"306",306,306,1606,"row-tj9x-swse.45ku","rv-s65q~wf5q_ti4i",2026-07-24 15:01:50.227,2026-07-24 15:01:50.227,"32806a1c4dbd317dc0b246f54cd35edc",1975,"vt","WastewaterSCAN",50023,"Washington",10100,"51e2b8430dba9a3a5cd6623f2d9124c5",2026-06-18,"grab","primary sludge","wwtp",NA,"none","no","ddpcr","chemagic viral dna/rna 300 kit",1,"not tested",NA,"no","rsv","rsv-a and rsv-b combined",0,"copies/g dry sludge",1100,"no",550,NA,0,"pepper mild mottle virus",331487250.41778,"copies/g dry sludge",119.7,"bcov vaccine","dewatered solids",4,2026-07-24 11:01:00,2026
"307",307,307,1611,"row-wcaq~jnpt.cj5f","rv-jirq_5isp.kuwv",2026-07-24 15:01:50.227,2026-07-24 15:01:50.227,"b61f24fd29a015e4f2230bfcfcc863d9",1965,"vt","WastewaterSCAN",50007,"Chittenden",30000,"c66b37ecfb0a93bd4a179517c887e506",2026-04-24,"grab","primary sludge","wwtp",NA,"none","no","ddpcr","chemagic viral dna/rna 300 kit",1,"not tested",NA,"no","rsv","rsv-a and rsv-b combined",18585.65574,"copies/g dry sludge",1100,"yes",18585.65574,NA,6e-05,"pepper mild mottle virus",311832631.07757,"copies/g dry sludge",100.3,"bcov vaccine","dewatered solids",4,2026-07-24 11:01:00,2026
"308",308,308,1615,"row-5wev-hrdr-86ei","rv-66sr-44cn~nzte",2026-07-24 15:01:50.227,2026-07-24 15:01:50.227,"23efee02df45064a793e022b140813f3",1975,"vt","WastewaterSCAN",50023,"Washington",10100,"7bf8f19aef80e3599596c1086786b93b",2026-04-23,"grab","primary sludge","wwtp",NA,"none","no","ddpcr","chemagic viral dna/rna 300 kit",1,"not tested",NA,"no","rsv","rsv-a and rsv-b combined",43284.05708,"copies/g dry sludge",1100,"yes",43284.05708,NA,4e-05,"pepper mild mottle virus",1004675595.81267,"copies/g dry sludge",132.3,"bcov vaccine","dewatered solids",4,2026-07-24 11:01:00,2026
"309",309,309,1616,"row-kee5~jnia-x9pr","rv-h9ta~thcx~rgef",2026-07-24 15:01:50.227,2026-07-24 15:01:50.227,"225260e6099846c56eb6b9d580e91305",1965,"vt","WastewaterSCAN",50007,"Chittenden",30000,"cf9975d95d68dad2824469ec4abe62aa",2026-01-05,"grab","primary sludge","wwtp",NA,"none","no","ddpcr","chemagic viral dna/rna 300 kit",1,"not tested",NA,"no","rsv","rsv-a and rsv-b combined",5067.07057,"copies/g dry sludge",1100,"yes",5067.07057,NA,2e-05,"pepper mild mottle virus",321186523.46667,"copies/g dry sludge",63,"bcov vaccine","dewatered solids",4,2026-07-24 11:01:00,2026
"310",310,310,1628,"row-3wjb~9att~t3vd","rv-w556.dr6c~8q4a",2026-07-24 15:01:50.227,2026-07-24 15:01:50.227,"2f2e0b958163abf8f75c0ebeac2e1742",1965,"vt","WastewaterSCAN",50007,"Chittenden",30000,"c2b9216fa56f9b3668d107da491e660e",2026-02-06,"grab","primary sludge","wwtp",NA,"none","no","ddpcr","chemagic viral dna/rna 300 kit",1,"not tested",NA,"no","rsv","rsv-a and rsv-b combined",13937.37835,"copies/g dry sludge",1100,"yes",13937.37835,NA,7e-05,"pepper mild mottle virus",207665912.88889,"copies/g dry sludge",96.3,"bcov vaccine","dewatered solids",4,2026-07-24 11:01:00,2026
"311",311,311,1634,"row-9wan_37ek.5bi8","rv-8ghq_datm-fx9m",2026-07-24 15:01:50.227,2026-07-24 15:01:50.227,"6c33b8d8e987fb94d5f9e2baa454d9f3",1966,"vt","WastewaterSCAN",50007,"Chittenden",16000,"8b63efefa310adf555dc407cf684addc",2026-05-12,"24-hr time-weighted composite","post grit removal","wwtp",NA,"none","no","ddpcr","chemagic viral dna/rna 300 kit",1,"not tested",NA,"no","rsv","rsv-a and rsv-b combined",14865.77659,"copies/g dry sludge",1100,"yes",14865.77659,NA,6e-05,"pepper mild mottle virus",259795542.70086,"copies/g dry sludge",80.3,"bcov vaccine","dewatered solids",4,2026-07-24 11:01:00,2026
"312",312,312,1635,"row-ah6r-u5mf.akh9","rv-4bw4-hng9.mcea",2026-07-24 15:01:50.227,2026-07-24 15:01:50.227,"d29e834fb6d5c689ae66205b7d485067",1975,"vt","WastewaterSCAN",50023,"Washington",10100,"03f20f48dbca5b173035634ae94d300d",2026-03-26,"grab","primary sludge","wwtp",NA,"none","no","ddpcr","chemagic viral dna/rna 300 kit",1,"not tested",NA,"no","rsv","rsv-a and rsv-b combined",70120.85975,"copies/g dry sludge",1100,"yes",70120.85975,NA,0.00018,"pepper mild mottle virus",394456041.82772,"copies/g dry sludge",131.7,"bcov vaccine","dewatered solids",4,2026-07-24 11:01:00,2026
"313",313,313,1645,"row-4ipt~ipjt-2mp4","rv-5sn4_udid-wt4a",2026-07-24 15:01:50.227,2026-07-24 15:01:50.227,"16dad4d84b155a1dd50e5a8f6d15d1c0",1975,"vt","WastewaterSCAN",50023,"Washington",10100,"da45f9369d1cf70dbdfa868a2f4154a4",2026-07-09,"grab","primary sludge","wwtp",NA,"none","no","ddpcr","chemagic viral dna/rna 300 kit",1,"not tested",NA,"no","rsv","rsv-a and rsv-b combined",0,"copies/g dry sludge",1100,"no",550,NA,0,"pepper mild mottle virus",170189271.77305,"copies/g dry sludge",76.9,"bcov vaccine","dewatered solids",4,2026-07-24 11:01:00,2026
"314",314,314,1647,"row-jwma-jxe9.ruct","rv-pm6a_9ccn_z2p7",2026-07-24 15:01:50.227,2026-07-24 15:01:50.227,"3226b795662fe3d065fd7bdbc698b859",1975,"vt","WastewaterSCAN",50023,"Washington",10100,"607f7ea6503b3517bdaaaad56e2faf36",2026-01-27,"grab","primary sludge","wwtp",NA,"none","no","ddpcr","chemagic viral dna/rna 300 kit",1,"not tested",NA,"no","rsv","rsv-a and rsv-b combined",16243.71781,"copies/g dry sludge",1100,"yes",16243.71781,NA,9e-05,"pepper mild mottle virus",186614549.01205,"copies/g dry sludge",157.6,"bcov vaccine","dewatered solids",4,2026-07-24 11:01:00,2026
"315",315,315,1651,"row-d79d_nkrn~zw9d","rv-9ytt-dbza~h2ja",2026-07-24 15:01:50.227,2026-07-24 15:01:50.227,"c5ced7c57fd461d2f381fc22c1472f49",1966,"vt","WastewaterSCAN",50007,"Chittenden",16000,"6ae19f1dd0998e46a2b9b94f26d7b8a1",2026-02-19,"24-hr time-weighted composite","post grit removal","wwtp",NA,"none","no","ddpcr","chemagic viral dna/rna 300 kit",1,"not tested",NA,"no","rsv","rsv-a and rsv-b combined",0,"copies/g dry sludge",1100,"no",550,NA,0,"pepper mild mottle virus",197319470.64504,"copies/g dry sludge",213.3,"bcov vaccine","dewatered solids",4,2026-07-24 11:01:00,2026
"316",316,316,1653,"row-nbs7_b9qh~fcei","rv-qhy9.2r4u-j56g",2026-07-24 15:01:50.227,2026-07-24 15:01:50.227,"15b8bafcfcd183c99b6cda6209eb0a9b",1967,"vt","CDC_Verily",50007,"Chittenden",25000,"6abae2edf41b3390aaa3936ea42e00c3",2026-06-16,"24-hr flow-weighted composite","post grit removal","wwtp",0,"ceres nanotrap","no","ddpcr","thermo magmax viral/pathogen nucleic acid isolation kit",2,"no","no","no","rsv","rsv-a and rsv-b combined",0,"copies/l wastewater",1500,"no",750,NA,1e-05,"pepper mild mottle virus",88014554.53538,"copies/l wastewater",110.6,"bcov vaccine","clarified sample",5,2026-07-24 11:01:00,2026
"317",317,317,1657,"row-4spp.zxh2.nvud","rv-jmdq-th2n~ychy",2026-07-24 15:01:50.227,2026-07-24 15:01:50.227,"f72d137a9b30a6560b5789f814e62c76",1975,"vt","WastewaterSCAN",50023,"Washington",10100,"68cd28c8514e31a8ae1de62b5934d05b",2026-02-03,"grab","primary sludge","wwtp",NA,"none","no","ddpcr","chemagic viral dna/rna 300 kit",1,"not tested",NA,"no","rsv","rsv-a and rsv-b combined",39713.52528,"copies/g dry sludge",1100,"yes",39713.52528,NA,0.00012,"pepper mild mottle virus",326070658.33333,"copies/g dry sludge",129.7,"bcov vaccine","dewatered solids",4,2026-07-24 11:01:00,2026
"318",318,318,1678,"row-7tj7.erq6-rx5p","rv-wmxn~9vui~taq4",2026-07-24 15:01:50.227,2026-07-24 15:01:50.227,"58421d24891a46f87b3d8fa02ef2971e",1965,"vt","WastewaterSCAN",50007,"Chittenden",30000,"19db8d169c818354fd6ca44aa92ffba9",2026-03-20,"grab","primary sludge","wwtp",NA,"none","no","ddpcr","chemagic viral dna/rna 300 kit",1,"not tested",NA,"no","rsv","rsv-a and rsv-b combined",37321.9464,"copies/g dry sludge",1100,"yes",37321.9464,NA,0.00011,"pepper mild mottle virus",340843842.00966,"copies/g dry sludge",102.2,"bcov vaccine","dewatered solids",4,2026-07-24 11:01:00,2026
"319",319,319,1685,"row-n9n8-cmky.6er3","rv-964k.cu27~f9n6",2026-07-24 15:01:50.227,2026-07-24 15:01:50.227,"ace2282e15bfd0e3d900fad18229b94c",1966,"vt","WastewaterSCAN",50007,"Chittenden",16000,"72f0a2c7cdd7f36a0a85efe282bf51c6",2026-06-25,"24-hr time-weighted composite","post grit removal","wwtp",NA,"none","no","ddpcr","chemagic viral dna/rna 300 kit",1,"not tested",NA,"no","rsv","rsv-a and rsv-b combined",0,"copies/g dry sludge",1100,"no",550,NA,0,"pepper mild mottle virus",279872167.3266,"copies/g dry sludge",96.6,"bcov vaccine","dewatered solids",4,2026-07-24 11:01:00,2026
"320",320,320,1691,"row-ttfv.vhub~8ugs","rv-dx9y.sv68_2j6g",2026-07-24 15:01:50.227,2026-07-24 15:01:50.227,"a700a62a64f33af5000d0780ca690ae4",1965,"vt","WastewaterSCAN",50007,"Chittenden",30000,"71d2a5b0282f96680903708334ee3ac5",2026-07-08,"grab","primary sludge","wwtp",NA,"none","no","ddpcr","chemagic viral dna/rna 300 kit",1,"not tested",NA,"no","rsv","rsv-a and rsv-b combined",0,"copies/g dry sludge",1100,"no",550,NA,0,"pepper mild mottle virus",343507342.6601,"copies/g dry sludge",104.3,"bcov vaccine","dewatered solids",4,2026-07-24 11:01:00,2026
"321",321,321,1697,"row-ez9e~fiwi.tyvb","rv-ku44.g93j_eb4n",2026-07-24 15:01:50.227,2026-07-24 15:01:50.227,"cd63a401ee82d49055d97dc3630b5f87",1975,"vt","WastewaterSCAN",50023,"Washington",10100,"f3303ea62a0e885c850de924c94969a2",2026-04-21,"grab","primary sludge","wwtp",NA,"none","no","ddpcr","chemagic viral dna/rna 300 kit",1,"not tested",NA,"no","rsv","rsv-a and rsv-b combined",22274.49189,"copies/g dry sludge",1100,"yes",22274.49189,NA,0.00019,"pepper mild mottle virus",118911441.44633,"copies/g dry sludge",89,"bcov vaccine","dewatered solids",4,2026-07-24 11:01:00,2026
"322",322,322,1699,"row-4arm~wk5k~rrie","rv-dcuu-5hy9~dmqg",2026-07-24 15:01:50.227,2026-07-24 15:01:50.227,"d0027d7f27b5680d671ba957b2c7016c",1966,"vt","WastewaterSCAN",50007,"Chittenden",16000,"e0666ebef2d5fe0fd2bd9a5c2131f3e3",2026-07-02,"24-hr time-weighted composite","post grit removal","wwtp",NA,"none","no","ddpcr","chemagic viral dna/rna 300 kit",1,"not tested",NA,"no","rsv","rsv-a and rsv-b combined",0,"copies/g dry sludge",1100,"no",550,NA,0,"pepper mild mottle virus",139571502.43137,"copies/g dry sludge",77.4,"bcov vaccine","dewatered solids",4,2026-07-24 11:01:00,2026
"323",323,323,1702,"row-qhqt_7ua4_c2em","rv-c7yg_675y.m2zp",2026-07-24 15:01:50.227,2026-07-24 15:01:50.227,"03d3c45fc41031609b4524ed2748914f",1975,"vt","WastewaterSCAN",50023,"Washington",10100,"d3f62a1e94b697401d68fe5ed7d41fb1",2026-06-11,"grab","primary sludge","wwtp",NA,"none","no","ddpcr","chemagic viral dna/rna 300 kit",1,"not tested",NA,"no","rsv","rsv-a and rsv-b combined",0,"copies/g dry sludge",1100,"no",550,NA,0,"pepper mild mottle virus",260534774.37909,"copies/g dry sludge",174.9,"bcov vaccine","dewatered solids",4,2026-07-24 11:01:00,2026
"324",324,324,1706,"row-zewi_2qit_zfjz","rv-zk9n-snjv-sman",2026-07-24 15:01:50.227,2026-07-24 15:01:50.227,"cf7c05781832ec9a56047e61a1142158",1975,"vt","WastewaterSCAN",50023,"Washington",10100,"c69581f864e33d973f9162393be9376f",2026-02-02,"grab","primary sludge","wwtp",NA,"none","no","ddpcr","chemagic viral dna/rna 300 kit",1,"not tested",NA,"no","rsv","rsv-a and rsv-b combined",24977.00718,"copies/g dry sludge",1100,"yes",24977.00718,NA,0.00017,"pepper mild mottle virus",145252730.21138,"copies/g dry sludge",90.2,"bcov vaccine","dewatered solids",4,2026-07-24 11:01:00,2026
"325",325,325,1710,"row-bjyc_9m69_me27","rv-esn6_2gxe_h9q9",2026-07-24 15:01:50.227,2026-07-24 15:01:50.227,"31157b357355b83465436b783911eb9d",1975,"vt","WastewaterSCAN",50023,"Washington",10100,"37a7bf3bc1c68652e088f87e0a54d938",2026-01-26,"grab","primary sludge","wwtp",NA,"none","no","ddpcr","chemagic viral dna/rna 300 kit",1,"not tested",NA,"no","rsv","rsv-a and rsv-b combined",7055.18247,"copies/g dry sludge",1100,"yes",7055.18247,NA,0,"pepper mild mottle virus",2970816253.49794,"copies/g dry sludge",142.3,"bcov vaccine","dewatered solids",4,2026-07-24 11:01:00,2026
"326",326,326,1713,"row-378t-4nty.8fdh","rv-zpvj_j22m.3hwu",2026-07-24 15:01:50.227,2026-07-24 15:01:50.227,"b68c930388b21a0faba67f43c6b9db62",1965,"vt","WastewaterSCAN",50007,"Chittenden",30000,"730505b4ab446cc830313a3e8d03ed12",2026-04-27,"grab","primary sludge","wwtp",NA,"none","no","ddpcr","chemagic viral dna/rna 300 kit",1,"not tested",NA,"no","rsv","rsv-a and rsv-b combined",66714.47192,"copies/g dry sludge",1100,"yes",66714.47192,NA,0.00019,"pepper mild mottle virus",357263605.83648,"copies/g dry sludge",191.5,"bcov vaccine","dewatered solids",4,2026-07-24 11:01:00,2026
"327",327,327,1720,"row-evbj_bhf5-fqic","rv-6f3e~wyey_um7i",2026-07-24 15:01:50.227,2026-07-24 15:01:50.227,"392f45ed6ed092a3ccab47055c5abeb2",1966,"vt","WastewaterSCAN",50007,"Chittenden",16000,"b201de588947229385d44dcf8b5d041e",2026-03-05,"24-hr time-weighted composite","post grit removal","wwtp",NA,"none","no","ddpcr","chemagic viral dna/rna 300 kit",1,"not tested",NA,"no","rsv","rsv-a and rsv-b combined",13382.08142,"copies/g dry sludge",1100,"yes",13382.08142,NA,0.00017,"pepper mild mottle virus",79902581.75597,"copies/g dry sludge",131.3,"bcov vaccine","dewatered solids",4,2026-07-24 11:01:00,2026
"328",328,328,1721,"row-utb5-yr76_bu8r","rv-nhpd-si2w-ntdi",2026-07-24 15:01:50.227,2026-07-24 15:01:50.227,"9b1f9de2753c3cc9244ad08b6a8cc19e",1965,"vt","WastewaterSCAN",50007,"Chittenden",30000,"76c443760e6c82ac31fa0f3fba667bfe",2026-01-28,"grab","primary sludge","wwtp",NA,"none","no","ddpcr","chemagic viral dna/rna 300 kit",1,"not tested",NA,"no","rsv","rsv-a and rsv-b combined",24330.26005,"copies/g dry sludge",1100,"yes",24330.26005,NA,6e-05,"pepper mild mottle virus",427997911.2,"copies/g dry sludge",116.1,"bcov vaccine","dewatered solids",4,2026-07-24 11:01:00,2026
"329",329,329,1725,"row-i6dd-jxns~rph8","rv-s6hw.db4v_9kcy",2026-07-24 15:01:50.227,2026-07-24 15:01:50.227,"f32d946abd4b5e238510ddbb28cd2a66",1965,"vt","WastewaterSCAN",50007,"Chittenden",30000,"8e0cc75ad0048e83eaabaac4722b3b00",2026-07-06,"grab","primary sludge","wwtp",NA,"none","no","ddpcr","chemagic viral dna/rna 300 kit",1,"not tested",NA,"no","rsv","rsv-a and rsv-b combined",0,"copies/g dry sludge",1100,"no",550,NA,0,"pepper mild mottle virus",355431665.9481,"copies/g dry sludge",149.9,"bcov vaccine","dewatered solids",4,2026-07-24 11:01:00,2026
"330",330,330,1734,"row-kc7s.3vzt~9pgr","rv-59i9_vvgp.97ee",2026-07-24 15:01:50.227,2026-07-24 15:01:50.227,"1d8d9dc2c25ec3abf4ea1d87842e5481",1965,"vt","WastewaterSCAN",50007,"Chittenden",30000,"799ec6db2be88ff5ff983226c6b81a10",2026-01-02,"grab","primary sludge","wwtp",NA,"none","no","ddpcr","chemagic viral dna/rna 300 kit",1,"not tested",NA,"no","rsv","rsv-a and rsv-b combined",8629.22346,"copies/g dry sludge",1100,"yes",8629.22346,NA,3e-05,"pepper mild mottle virus",343787618.11921,"copies/g dry sludge",91.4,"bcov vaccine","dewatered solids",4,2026-07-24 11:01:00,2026
"331",331,331,1738,"row-qtdd_nzt9-sesk","rv-vyjc-78s7.nics",2026-07-24 15:01:50.227,2026-07-24 15:01:50.227,"a6653b81df934982bb67ad93e01b1185",1966,"vt","WastewaterSCAN",50007,"Chittenden",16000,"6dc2f0c85696b6723cf3ab6b6b87dd46",2026-05-14,"24-hr time-weighted composite","post grit removal","wwtp",NA,"none","no","ddpcr","chemagic viral dna/rna 300 kit",1,"not tested",NA,"no","rsv","rsv-a and rsv-b combined",16837.93711,"copies/g dry sludge",1100,"yes",16837.93711,NA,2e-05,"pepper mild mottle virus",726821723.02222,"copies/g dry sludge",91.8,"bcov vaccine","dewatered solids",4,2026-07-24 11:01:00,2026
"332",332,332,1741,"row-8i86-b86c~kbhw","rv-98uj.aqm6-hpsz",2026-07-24 15:01:50.227,2026-07-24 15:01:50.227,"cd7493ffcdaea95a847267d64aaca092",1965,"vt","WastewaterSCAN",50007,"Chittenden",30000,"14bbd01b72a36d013d46761f9a021fb8",2026-06-08,"grab","primary sludge","wwtp",NA,"none","no","ddpcr","chemagic viral dna/rna 300 kit",1,"not tested",NA,"no","rsv","rsv-a and rsv-b combined",0,"copies/g dry sludge",1100,"no",550,NA,0,"pepper mild mottle virus",480571707.20489,"copies/g dry sludge",143.5,"bcov vaccine","dewatered solids",4,2026-07-24 11:01:00,2026
"333",333,333,1745,"row-c96j-8qv8.d245","rv-xu6n_5z2h.nevg",2026-07-24 15:01:50.227,2026-07-24 15:01:50.227,"b83dc772b157d35879a4279cc1bbcd5f",1966,"vt","WastewaterSCAN",50007,"Chittenden",16000,"95f1a30dddf3b9a2b2c8ac901ebdf416",2026-06-02,"24-hr time-weighted composite","post grit removal","wwtp",NA,"none","no","ddpcr","chemagic viral dna/rna 300 kit",1,"not tested",NA,"no","rsv","rsv-a and rsv-b combined",0,"copies/g dry sludge",1100,"no",550,NA,0,"pepper mild mottle virus",133517710.36863,"copies/g dry sludge",120.7,"bcov vaccine","dewatered solids",4,2026-07-24 11:01:00,2026
"334",334,334,1749,"row-ybh5~6n2t~8es8","rv-cfph-5s25_5ix4",2026-07-24 15:01:50.227,2026-07-24 15:01:50.227,"eea79f6dc47c76e97c9ba510132392dc",1975,"vt","WastewaterSCAN",50023,"Washington",10100,"2364d10b2c50a79b0c3ed63542e7a437",2026-01-12,"grab","primary sludge","wwtp",NA,"none","no","ddpcr","chemagic viral dna/rna 300 kit",1,"not tested",NA,"no","rsv","rsv-a and rsv-b combined",13920.68736,"copies/g dry sludge",1100,"yes",13920.68736,NA,7e-05,"pepper mild mottle virus",186681523.74701,"copies/g dry sludge",203.4,"bcov vaccine","dewatered solids",4,2026-07-24 11:01:00,2026
"335",335,335,1753,"row-piq5.xu8h_hp34","rv-2p2r.8vw3.er6h",2026-07-24 15:01:50.227,2026-07-24 15:01:50.227,"90f401849be01e19f2a399507b9cd699",2350,"vt","CDC_Verily",50001,"Addison",9000,"f7dfb259c4b5d53585d637bfb43a35f4",2026-03-03,"24-hr flow-weighted composite","raw wastewater","wwtp",1,"ceres nanotrap","no","ddpcr","thermo magmax viral/pathogen nucleic acid isolation kit",2,"no","no","no","rsv","rsv-a and rsv-b combined",5501.06866,"copies/l wastewater",1500,"yes",5501.06866,2313749.47987,9e-05,"pepper mild mottle virus",63465266.28923,"copies/l wastewater",105.5,"bcov vaccine","clarified sample",5,2026-07-24 11:01:00,2026
"336",336,336,1757,"row-vgvg-trdw_ar49","rv-f7hu_v5vh.qpvc",2026-07-24 15:01:50.227,2026-07-24 15:01:50.227,"fce8d44e1ea811b62df35166bfa0ef47",1975,"vt","WastewaterSCAN",50023,"Washington",10100,"3ffdcde5a867fc320c61e40295bb3117",2026-06-25,"grab","primary sludge","wwtp",NA,"none","no","ddpcr","chemagic viral dna/rna 300 kit",1,"not tested",NA,"no","rsv","rsv-a and rsv-b combined",0,"copies/g dry sludge",1100,"no",550,NA,0,"pepper mild mottle virus",134905573.63731,"copies/g dry sludge",166.6,"bcov vaccine","dewatered solids",4,2026-07-24 11:01:00,2026
"337",337,337,1758,"row-cs5a~bek2~netw","rv-njeh_r6vk_ibrz",2026-07-24 15:01:50.227,2026-07-24 15:01:50.227,"1983018ba12376dc4a822c2d3cdea300",1975,"vt","WastewaterSCAN",50023,"Washington",10100,"9c35033b8a1503a2f3647153c3b25b42",2026-03-12,"grab","primary sludge","wwtp",NA,"none","no","ddpcr","chemagic viral dna/rna 300 kit",1,"not tested",NA,"no","rsv","rsv-a and rsv-b combined",54661.54127,"copies/g dry sludge",1100,"yes",54661.54127,NA,0.00019,"pepper mild mottle virus",280404009.71274,"copies/g dry sludge",94.6,"bcov vaccine","dewatered solids",4,2026-07-24 11:01:00,2026
"338",338,338,1764,"row-7huz_635z-9j5f","rv-p2du_3e4j.jnr8",2026-07-24 15:01:50.227,2026-07-24 15:01:50.227,"55405a40d41815ec736687580487f6f0",1967,"vt","CDC_Verily",50007,"Chittenden",25000,"f350b9a6d88d42cb89fcdcf249e11144",2026-02-10,"24-hr flow-weighted composite","post grit removal","wwtp",0,"ceres nanotrap","no","ddpcr","thermo magmax viral/pathogen nucleic acid isolation kit",2,"no","no","no","rsv","rsv-a and rsv-b combined",5495.06238,"copies/l wastewater",1500,"yes",5495.06238,NA,6e-05,"pepper mild mottle virus",97858210.63385,"copies/l wastewater",52,"bcov vaccine","clarified sample",5,2026-07-24 11:01:00,2026
"339",339,339,1767,"row-x3hx_3mk3~gdz3","rv-kgcb_t75i_ijcc",2026-07-24 15:01:50.227,2026-07-24 15:01:50.227,"bb2b8ee5cf6d496450cad8adb2b3c3c4",1967,"vt","CDC_Verily",50007,"Chittenden",25000,"c09a4f7b468604f436c175da2286b1f1",2026-07-14,"24-hr flow-weighted composite","post grit removal","wwtp",0,"ceres nanotrap","no","ddpcr","thermo magmax viral/pathogen nucleic acid isolation kit",2,"no","no","no","rsv","rsv-a and rsv-b combined",0,"copies/l wastewater",1500,"no",750,NA,1e-05,"pepper mild mottle virus",137085007.87692,"copies/l wastewater",156.6,"bcov vaccine","clarified sample",5,2026-07-24 11:01:00,2026
"340",340,340,1768,"row-rsnb-eay4-b84g","rv-4a5m-fzxk~4ku4",2026-07-24 15:01:50.227,2026-07-24 15:01:50.227,"e5b8e75332cd817c17dd9cd8cbe8777f",1965,"vt","WastewaterSCAN",50007,"Chittenden",30000,"4a824fb499d851d335f9ea826dc74fb0",2026-02-18,"grab","primary sludge","wwtp",NA,"none","no","ddpcr","chemagic viral dna/rna 300 kit",1,"not tested",NA,"no","rsv","rsv-a and rsv-b combined",99973.75962,"copies/g dry sludge",1100,"yes",99973.75962,NA,0.00037,"pepper mild mottle virus",268948025.14747,"copies/g dry sludge",196.7,"bcov vaccine","dewatered solids",4,2026-07-24 11:01:00,2026
"341",341,341,1778,"row-dac8_2hje-fy8x","rv-9n9d_aiez-439h",2026-07-24 15:01:50.227,2026-07-24 15:01:50.227,"284d12139bf8e5b7b2d7d255d3cdd2f2",1975,"vt","WastewaterSCAN",50023,"Washington",10100,"21babe93113eb522995d9ddf89b4fcae",2026-03-17,"grab","primary sludge","wwtp",NA,"none","no","ddpcr","chemagic viral dna/rna 300 kit",1,"not tested",NA,"no","rsv","rsv-a and rsv-b combined",42608.16272,"copies/g dry sludge",1100,"yes",42608.16272,NA,0.00031,"pepper mild mottle virus",135794045.0696,"copies/g dry sludge",123.3,"bcov vaccine","dewatered solids",4,2026-07-24 11:01:00,2026
"342",342,342,1779,"row-t38r~4jrx-q8x3","rv-d8e2~brh5_6aw6",2026-07-24 15:01:50.227,2026-07-24 15:01:50.227,"9454da3876a021d077d84b0740a24aa8",1966,"vt","WastewaterSCAN",50007,"Chittenden",16000,"94d99e2744ca1aec20f90cc72d18c0c3",2026-04-30,"24-hr time-weighted composite","post grit removal","wwtp",NA,"none","no","ddpcr","chemagic viral dna/rna 300 kit",1,"not tested",NA,"no","rsv","rsv-a and rsv-b combined",3921.0174,"copies/g dry sludge",1100,"yes",3921.0174,NA,3e-05,"pepper mild mottle virus",139028015.14667,"copies/g dry sludge",77.5,"bcov vaccine","dewatered solids",4,2026-07-24 11:01:00,2026
"343",343,343,1789,"row-r39r.rsem-hv96","rv-bw83~s5aa-v8sq",2026-07-24 15:01:50.227,2026-07-24 15:01:50.227,"e279fe53657ff720e273b0251e498a1c",1975,"vt","WastewaterSCAN",50023,"Washington",10100,"9a6fe9f9668175c1338c58202b782b83",2026-04-02,"grab","primary sludge","wwtp",NA,"none","no","ddpcr","chemagic viral dna/rna 300 kit",1,"not tested",NA,"no","rsv","rsv-a and rsv-b combined",55112.72899,"copies/g dry sludge",1100,"yes",55112.72899,NA,0.00017,"pepper mild mottle virus",323060376.72727,"copies/g dry sludge",110.5,"bcov vaccine","dewatered solids",4,2026-07-24 11:01:00,2026
"344",344,344,1790,"row-nf8b_y8g2_zqkk","rv-iexw~fbvt.ybiz",2026-07-24 15:01:50.227,2026-07-24 15:01:50.227,"6a1e0233bc4dbe3d23fe50272aa6c904",1965,"vt","WastewaterSCAN",50007,"Chittenden",30000,"4827d2560b8a80cf3cf3fc3bb59481d8",2026-06-01,"grab","primary sludge","wwtp",NA,"none","no","ddpcr","chemagic viral dna/rna 300 kit",1,"not tested",NA,"no","rsv","rsv-a and rsv-b combined",0,"copies/g dry sludge",1100,"no",550,NA,0,"pepper mild mottle virus",397158274.92811,"copies/g dry sludge",299.6,"bcov vaccine","dewatered solids",4,2026-07-24 11:01:00,2026
"345",345,345,1792,"row-zwed.w5pd~gm4r","rv-tbxw_ajxw.jqkc",2026-07-24 15:01:50.227,2026-07-24 15:01:50.227,"793a614bfa406db9b0a53d222b848fc9",1965,"vt","WastewaterSCAN",50007,"Chittenden",30000,"7ac11650e8e6b93904fd81c612ac33a4",2026-05-04,"grab","primary sludge","wwtp",NA,"none","no","ddpcr","chemagic viral dna/rna 300 kit",1,"not tested",NA,"no","rsv","rsv-a and rsv-b combined",17453.03773,"copies/g dry sludge",1100,"yes",17453.03773,NA,3e-05,"pepper mild mottle virus",531153210.2716,"copies/g dry sludge",94.8,"bcov vaccine","dewatered solids",4,2026-07-24 11:01:00,2026
"346",346,346,1804,"row-zv77_rwy5_acis","rv-9cma.twue~b6qt",2026-07-24 15:01:50.227,2026-07-24 15:01:50.227,"4fc686ec32bf5c2a7cae74025fab0631",1966,"vt","WastewaterSCAN",50007,"Chittenden",16000,"c790a19184694f6f33bb5eb2ee06fb46",2026-06-18,"24-hr time-weighted composite","post grit removal","wwtp",NA,"none","no","ddpcr","chemagic viral dna/rna 300 kit",1,"not tested",NA,"no","rsv","rsv-a and rsv-b combined",0,"copies/g dry sludge",1100,"no",550,NA,0,"pepper mild mottle virus",483964310.62069,"copies/g dry sludge",64.4,"bcov vaccine","dewatered solids",4,2026-07-24 11:01:00,2026
"347",347,347,1809,"row-jywz.zyfj-zpt3","rv-enaz_9v2v_mawu",2026-07-24 15:01:50.227,2026-07-24 15:01:50.227,"bf23035e7f9a28cdb303d536eb8b142f",1967,"vt","CDC_Verily",50007,"Chittenden",25000,"ceebd9fdc471ddb57a023ef903e78575",2026-06-30,"24-hr flow-weighted composite","post grit removal","wwtp",0,"ceres nanotrap","no","ddpcr","thermo magmax viral/pathogen nucleic acid isolation kit",2,"no","no","no","rsv","rsv-a and rsv-b combined",0,"copies/l wastewater",1500,"no",750,NA,0,"pepper mild mottle virus",150849102.30154,"copies/l wastewater",149.6,"bcov vaccine","clarified sample",5,2026-07-24 11:01:00,2026
"348",348,348,1810,"row-c5dw-hyce.5xu3","rv-rfjq_29cr.6a7n",2026-07-24 15:01:50.227,2026-07-24 15:01:50.227,"7e6ab8c7b45c0e1572169dd81760cbbc",1967,"vt","CDC_Verily",50007,"Chittenden",25000,"501787197dad37b751244640e939a368",2026-03-31,"24-hr flow-weighted composite","post grit removal","wwtp",0,"ceres nanotrap","no","ddpcr","thermo magmax viral/pathogen nucleic acid isolation kit",2,"no","no","no","rsv","rsv-a and rsv-b combined",1437.26328,"copies/l wastewater",1500,"no",750,NA,1e-05,"pepper mild mottle virus",106494328.41846,"copies/l wastewater",77.9,"bcov vaccine","clarified sample",5,2026-07-24 11:01:00,2026
"349",349,349,1816,"row-a2re_x7sz-rk3a","rv-2nav.d48r.qeb4",2026-07-24 15:01:50.227,2026-07-24 15:01:50.227,"cec72ff2fdc2a25b1bf5a255c8306535",1967,"vt","CDC_Verily",50007,"Chittenden",25000,"14476dd4def934735effaa1b2db79908",2026-02-17,"24-hr flow-weighted composite","post grit removal","wwtp",0,"ceres nanotrap","no","ddpcr","thermo magmax viral/pathogen nucleic acid isolation kit",2,"no","no","no","rsv","rsv-a and rsv-b combined",12006.74031,"copies/l wastewater",1500,"yes",12006.74031,NA,8e-05,"pepper mild mottle virus",142500582.17846,"copies/l wastewater",151.2,"bcov vaccine","clarified sample",5,2026-07-24 11:01:00,2026
"350",350,350,1821,"row-f44w_pc55.23wv","rv-ths3_duxc_9s33",2026-07-24 15:01:50.227,2026-07-24 15:01:50.227,"1dea1cd62f278260311c4731b3adadef",1966,"vt","WastewaterSCAN",50007,"Chittenden",16000,"572c55199469eb598f41fde7269d6823",2026-07-16,"24-hr time-weighted composite","post grit removal","wwtp",NA,"none","no","ddpcr","chemagic viral dna/rna 300 kit",1,"not tested",NA,"no","rsv","rsv-a and rsv-b combined",0,"copies/g dry sludge",1100,"no",550,NA,0,"pepper mild mottle virus",166328727.90894,"copies/g dry sludge",161.4,"bcov vaccine","dewatered solids",4,2026-07-24 11:01:00,2026
"351",351,351,1822,"row-xxym~mjm8_crb2","rv-z3b5_3rif_vchn",2026-07-24 15:01:50.227,2026-07-24 15:01:50.227,"ed06f4ada7fa2ec7aa63d0b804f8d468",1965,"vt","WastewaterSCAN",50007,"Chittenden",30000,"2f7925e43e5d1ad1ee8194ea361959fa",2026-06-03,"grab","primary sludge","wwtp",NA,"none","no","ddpcr","chemagic viral dna/rna 300 kit",1,"not tested",NA,"no","rsv","rsv-a and rsv-b combined",1691.28111,"copies/g dry sludge",1100,"yes",1691.28111,NA,0,"pepper mild mottle virus",687260768.69565,"copies/g dry sludge",78.4,"bcov vaccine","dewatered solids",4,2026-07-24 11:01:00,2026
"352",352,352,1825,"row-m2sq.kku3-hqky","rv-ng5p~438v-ppzw",2026-07-24 15:01:50.227,2026-07-24 15:01:50.227,"0a212cbf8be283efae20a90beeb5d151",1975,"vt","WastewaterSCAN",50023,"Washington",10100,"75d7828d8632384978f7ca11855bb882",2026-04-20,"grab","primary sludge","wwtp",NA,"none","no","ddpcr","chemagic viral dna/rna 300 kit",1,"not tested",NA,"no","rsv","rsv-a and rsv-b combined",81374.16846,"copies/g dry sludge",1100,"yes",81374.16846,NA,0.00033,"pepper mild mottle virus",249176580.25175,"copies/g dry sludge",135.6,"bcov vaccine","dewatered solids",4,2026-07-24 11:01:00,2026
"353",353,353,1828,"row-4yym~c3ns_62k3","rv-fgwb-dxpu~kpk5",2026-07-24 15:01:50.227,2026-07-24 15:01:50.227,"e7cd64cf785f408054ee97bef8c8631f",1967,"vt","CDC_Verily",50007,"Chittenden",25000,"07d99d4267bd118496e01edc16a6ab86",2026-07-07,"24-hr flow-weighted composite","post grit removal","wwtp",0,"ceres nanotrap","no","ddpcr","thermo magmax viral/pathogen nucleic acid isolation kit",2,"no","no","no","rsv","rsv-a and rsv-b combined",0,"copies/l wastewater",1500,"no",750,NA,1e-05,"pepper mild mottle virus",112477341.88308,"copies/l wastewater",151.2,"bcov vaccine","clarified sample",5,2026-07-24 11:01:00,2026
"354",354,354,1830,"row-vvzm_wkmy~x2ni","rv-sjw3.tz9z~k2s2",2026-07-24 15:01:50.227,2026-07-24 15:01:50.227,"69630f18c60d3767aafb8672e2c139e1",1965,"vt","WastewaterSCAN",50007,"Chittenden",30000,"e2b7cf982a17081c7116e5c6cdfc2320",2026-04-22,"grab","primary sludge","wwtp",NA,"none","no","ddpcr","chemagic viral dna/rna 300 kit",1,"not tested",NA,"no","rsv","rsv-a and rsv-b combined",16611.20241,"copies/g dry sludge",1100,"yes",16611.20241,NA,6e-05,"pepper mild mottle virus",269180472.22857,"copies/g dry sludge",139.3,"bcov vaccine","dewatered solids",4,2026-07-24 11:01:00,2026
